precinct_name,precinct_center_lat,precinct_center_lon,winner,winner_net,winner_pct,Weinstein_total,Innamorato_total,Parker_total,Lamb_total,Fawcett_total,Colaizzi_total,Write-in_total,precinct_total,Weinstein_pct,Innamorato_pct,Parker_pct,Lamb_pct,Fawcett_pct,Colaizzi_pct,Write-in_pct
Aleppo,,,Weinstein,0,0,0,0,0,0,0,0,0,0,0,0,0,0,0,0,0
Aspinwall Dist 1,,,Weinstein,0,0,0,0,0,0,0,0,0,0,0,0,0,0,0,0,0
Aspinwall Dist 2,,,Weinstein,0,0,0,0,0,0,0,0,0,0,0,0,0,0,0,0,0
Aspinwall Dist 3,,,Weinstein,0,0,0,0,0,0,0,0,0,0,0,0,0,0,0,0,0
Avalon Ward 1,,,Weinstein,0,0,0,0,0,0,0,0,0,0,0,0,0,0,0,0,0
Avalon Ward 2 Dist 1,,,Weinstein,0,0,0,0,0,0,0,0,0,0,0,0,0,0,0,0,0
Avalon Ward 2 Dist 2,,,Weinstein,0,0,0,0,0,0,0,0,0,0,0,0,0,0,0,0,0
Avalon Ward 3 Dist 1,,,Weinstein,0,0,0,0,0,0,0,0,0,0,0,0,0,0,0,0,0
Avalon Ward 3 Dist 2,,,Weinstein,0,0,0,0,0,0,0,0,0,0,0,0,0,0,0,0,0
Avalon Ward 3 Dist 3,,,Weinstein,0,0,0,0,0,0,0,0,0,0,0,0,0,0,0,0,0
Baldwin Br Dist 1,,,Weinstein,0,0,0,0,0,0,0,0,0,0,0,0,0,0,0,0,0
Baldwin Br Dist 2,,,Weinstein,0,0,0,0,0,0,0,0,0,0,0,0,0,0,0,0,0
Baldwin Br Dist 3,,,Weinstein,0,0,0,0,0,0,0,0,0,0,0,0,0,0,0,0,0
Baldwin Br Dist 4,,,Weinstein,0,0,0,0,0,0,0,0,0,0,0,0,0,0,0,0,0
Baldwin Br Dist 5,,,Weinstein,0,0,0,0,0,0,0,0,0,0,0,0,0,0,0,0,0
Baldwin Br Dist 6,,,Weinstein,0,0,0,0,0,0,0,0,0,0,0,0,0,0,0,0,0
Baldwin Br Dist 7,,,Weinstein,0,0,0,0,0,0,0,0,0,0,0,0,0,0,0,0,0
Baldwin Br Dist 8,,,Weinstein,0,0,0,0,0,0,0,0,0,0,0,0,0,0,0,0,0
Baldwin Br Dist 9,,,Weinstein,0,0,0,0,0,0,0,0,0,0,0,0,0,0,0,0,0
Baldwin Br Dist 10,,,Weinstein,0,0,0,0,0,0,0,0,0,0,0,0,0,0,0,0,0
Baldwin Br Dist 11,,,Weinstein,0,0,0,0,0,0,0,0,0,0,0,0,0,0,0,0,0
Baldwin Br Dist 12,,,Weinstein,0,0,0,0,0,0,0,0,0,0,0,0,0,0,0,0,0
Baldwin Br Dist 13,,,Weinstein,0,0,0,0,0,0,0,0,0,0,0,0,0,0,0,0,0
Baldwin Br Dist 14,,,Weinstein,0,0,0,0,0,0,0,0,0,0,0,0,0,0,0,0,0
Baldwin Br Dist 15,,,Weinstein,0,0,0,0,0,0,0,0,0,0,0,0,0,0,0,0,0
Baldwin Br Dist 16,,,Weinstein,0,0,0,0,0,0,0,0,0,0,0,0,0,0,0,0,0
Baldwin Br Dist 17,,,Weinstein,0,0,0,0,0,0,0,0,0,0,0,0,0,0,0,0,0
Baldwin Br Dist 18,,,Weinstein,0,0,0,0,0,0,0,0,0,0,0,0,0,0,0,0,0
Baldwin Tp Dist 1,,,Weinstein,0,0,0,0,0,0,0,0,0,0,0,0,0,0,0,0,0
Baldwin Tp Dist 2,,,Weinstein,0,0,0,0,0,0,0,0,0,0,0,0,0,0,0,0,0
Bell Acres,,,Weinstein,0,0,0,0,0,0,0,0,0,0,0,0,0,0,0,0,0
Bellevue Ward 1 Dist 1,,,Weinstein,0,0,0,0,0,0,0,0,0,0,0,0,0,0,0,0,0
Bellevue Ward 1 Dist 2,,,Weinstein,0,0,0,0,0,0,0,0,0,0,0,0,0,0,0,0,0
Bellevue Ward 2 Dist 1,,,Weinstein,0,0,0,0,0,0,0,0,0,0,0,0,0,0,0,0,0
Bellevue Ward 2 Dist 2,,,Weinstein,0,0,0,0,0,0,0,0,0,0,0,0,0,0,0,0,0
Bellevue Ward 3 Dist 1,,,Weinstein,0,0,0,0,0,0,0,0,0,0,0,0,0,0,0,0,0
Bellevue Ward 3 Dist 2,,,Weinstein,0,0,0,0,0,0,0,0,0,0,0,0,0,0,0,0,0
Ben Avon Dist 1,,,Weinstein,0,0,0,0,0,0,0,0,0,0,0,0,0,0,0,0,0
Ben Avon Dist 2,,,Weinstein,0,0,0,0,0,0,0,0,0,0,0,0,0,0,0,0,0
Ben Avon Ht,,,Weinstein,0,0,0,0,0,0,0,0,0,0,0,0,0,0,0,0,0
Bethel Park Ward 1 Dist 1,,,Weinstein,0,0,0,0,0,0,0,0,0,0,0,0,0,0,0,0,0
Bethel Park Ward 1 Dist 2,,,Weinstein,0,0,0,0,0,0,0,0,0,0,0,0,0,0,0,0,0
Bethel Park Ward 1 Dist 3,,,Weinstein,0,0,0,0,0,0,0,0,0,0,0,0,0,0,0,0,0
Bethel Park Ward 2 Dist 1,,,Weinstein,0,0,0,0,0,0,0,0,0,0,0,0,0,0,0,0,0
Bethel Park Ward 2 Dist 2,,,Weinstein,0,0,0,0,0,0,0,0,0,0,0,0,0,0,0,0,0
Bethel Park Ward 2 Dist 3,,,Weinstein,0,0,0,0,0,0,0,0,0,0,0,0,0,0,0,0,0
Bethel Park Ward 3 Dist 1,,,Weinstein,0,0,0,0,0,0,0,0,0,0,0,0,0,0,0,0,0
Bethel Park Ward 3 Dist 2,,,Weinstein,0,0,0,0,0,0,0,0,0,0,0,0,0,0,0,0,0
Bethel Park Ward 3 Dist 3,,,Weinstein,0,0,0,0,0,0,0,0,0,0,0,0,0,0,0,0,0
Bethel Park Ward 4 Dist 1,,,Weinstein,0,0,0,0,0,0,0,0,0,0,0,0,0,0,0,0,0
Bethel Park Ward 4 Dist 2,,,Weinstein,0,0,0,0,0,0,0,0,0,0,0,0,0,0,0,0,0
Bethel Park Ward 4 Dist 3,,,Weinstein,0,0,0,0,0,0,0,0,0,0,0,0,0,0,0,0,0
Bethel Park Ward 5 Dist 1,,,Weinstein,0,0,0,0,0,0,0,0,0,0,0,0,0,0,0,0,0
Bethel Park Ward 5 Dist 2,,,Weinstein,0,0,0,0,0,0,0,0,0,0,0,0,0,0,0,0,0
Bethel Park Ward 5 Dist 3,,,Weinstein,0,0,0,0,0,0,0,0,0,0,0,0,0,0,0,0,0
Bethel Park Ward 6 Dist 1,,,Weinstein,0,0,0,0,0,0,0,0,0,0,0,0,0,0,0,0,0
Bethel Park Ward 6 Dist 2,,,Weinstein,0,0,0,0,0,0,0,0,0,0,0,0,0,0,0,0,0
Bethel Park Ward 6 Dist 3,,,Weinstein,0,0,0,0,0,0,0,0,0,0,0,0,0,0,0,0,0
Bethel Park Ward 7 Dist 1,,,Weinstein,0,0,0,0,0,0,0,0,0,0,0,0,0,0,0,0,0
Bethel Park Ward 7 Dist 2,,,Weinstein,0,0,0,0,0,0,0,0,0,0,0,0,0,0,0,0,0
Bethel Park Ward 7 Dist 3,,,Weinstein,0,0,0,0,0,0,0,0,0,0,0,0,0,0,0,0,0
Bethel Park Ward 8 Dist 1,,,Weinstein,0,0,0,0,0,0,0,0,0,0,0,0,0,0,0,0,0
Bethel Park Ward 8 Dist 2,,,Weinstein,0,0,0,0,0,0,0,0,0,0,0,0,0,0,0,0,0
Bethel Park Ward 8 Dist 3,,,Weinstein,0,0,0,0,0,0,0,0,0,0,0,0,0,0,0,0,0
Bethel Park Ward 8 Dist 4,,,Weinstein,0,0,0,0,0,0,0,0,0,0,0,0,0,0,0,0,0
Bethel Park Ward 9 Dist 1,,,Weinstein,0,0,0,0,0,0,0,0,0,0,0,0,0,0,0,0,0
Bethel Park Ward 9 Dist 2,,,Weinstein,0,0,0,0,0,0,0,0,0,0,0,0,0,0,0,0,0
Bethel Park Ward 9 Dist 3,,,Weinstein,0,0,0,0,0,0,0,0,0,0,0,0,0,0,0,0,0
Blawnox,,,Weinstein,0,0,0,0,0,0,0,0,0,0,0,0,0,0,0,0,0
Brackenridge Ward 1,,,Weinstein,0,0,0,0,0,0,0,0,0,0,0,0,0,0,0,0,0
Brackenridge Ward 2,,,Weinstein,0,0,0,0,0,0,0,0,0,0,0,0,0,0,0,0,0
Brackenridge Ward 3,,,Weinstein,0,0,0,0,0,0,0,0,0,0,0,0,0,0,0,0,0
Braddock Ward 1,,,Weinstein,0,0,0,0,0,0,0,0,0,0,0,0,0,0,0,0,0
Braddock Ward 2,,,Weinstein,0,0,0,0,0,0,0,0,0,0,0,0,0,0,0,0,0
Braddock Ward 3,,,Weinstein,0,0,0,0,0,0,0,0,0,0,0,0,0,0,0,0,0
Braddock Hl Dist 1,,,Weinstein,0,0,0,0,0,0,0,0,0,0,0,0,0,0,0,0,0
Braddock Hl Dist 2,,,Weinstein,0,0,0,0,0,0,0,0,0,0,0,0,0,0,0,0,0
Bradford Woods,,,Weinstein,0,0,0,0,0,0,0,0,0,0,0,0,0,0,0,0,0
Brentwood Dist 1,,,Weinstein,0,0,0,0,0,0,0,0,0,0,0,0,0,0,0,0,0
Brentwood Dist 2,,,Weinstein,0,0,0,0,0,0,0,0,0,0,0,0,0,0,0,0,0
Brentwood Dist 3,,,Weinstein,0,0,0,0,0,0,0,0,0,0,0,0,0,0,0,0,0
Brentwood Dist 4,,,Weinstein,0,0,0,0,0,0,0,0,0,0,0,0,0,0,0,0,0
Brentwood Dist 5,,,Weinstein,0,0,0,0,0,0,0,0,0,0,0,0,0,0,0,0,0
Brentwood Dist 6,,,Weinstein,0,0,0,0,0,0,0,0,0,0,0,0,0,0,0,0,0
Brentwood Dist 7,,,Weinstein,0,0,0,0,0,0,0,0,0,0,0,0,0,0,0,0,0
Brentwood Dist 8,,,Weinstein,0,0,0,0,0,0,0,0,0,0,0,0,0,0,0,0,0
Brentwood Dist 9,,,Weinstein,0,0,0,0,0,0,0,0,0,0,0,0,0,0,0,0,0
Brentwood Dist 10,,,Weinstein,0,0,0,0,0,0,0,0,0,0,0,0,0,0,0,0,0
Bridgeville Dist 1,,,Weinstein,0,0,0,0,0,0,0,0,0,0,0,0,0,0,0,0,0
Bridgeville Dist 2,,,Weinstein,0,0,0,0,0,0,0,0,0,0,0,0,0,0,0,0,0
Bridgeville Dist 3,,,Weinstein,0,0,0,0,0,0,0,0,0,0,0,0,0,0,0,0,0
Bridgeville Dist 4,,,Weinstein,0,0,0,0,0,0,0,0,0,0,0,0,0,0,0,0,0
Carnegie Ward 1 Dist 1,,,Weinstein,0,0,0,0,0,0,0,0,0,0,0,0,0,0,0,0,0
Carnegie Ward 1 Dist 2,,,Weinstein,0,0,0,0,0,0,0,0,0,0,0,0,0,0,0,0,0
Carnegie Ward 1 Dist 3,,,Weinstein,0,0,0,0,0,0,0,0,0,0,0,0,0,0,0,0,0
Carnegie Ward 1 Dist 4,,,Weinstein,0,0,0,0,0,0,0,0,0,0,0,0,0,0,0,0,0
Carnegie Ward 2 Dist 1,,,Weinstein,0,0,0,0,0,0,0,0,0,0,0,0,0,0,0,0,0
Carnegie Ward 2 Dist 2,,,Weinstein,0,0,0,0,0,0,0,0,0,0,0,0,0,0,0,0,0
Carnegie Ward 2 Dist 3,,,Weinstein,0,0,0,0,0,0,0,0,0,0,0,0,0,0,0,0,0
Carnegie Ward 2 Dist 4,,,Weinstein,0,0,0,0,0,0,0,0,0,0,0,0,0,0,0,0,0
Casl Shannon Dist 1,,,Weinstein,0,0,0,0,0,0,0,0,0,0,0,0,0,0,0,0,0
Casl Shannon Dist 2,,,Weinstein,0,0,0,0,0,0,0,0,0,0,0,0,0,0,0,0,0
Casl Shannon Dist 3,,,Weinstein,0,0,0,0,0,0,0,0,0,0,0,0,0,0,0,0,0
Casl Shannon Dist 4,,,Weinstein,0,0,0,0,0,0,0,0,0,0,0,0,0,0,0,0,0
Casl Shannon Dist 5,,,Weinstein,0,0,0,0,0,0,0,0,0,0,0,0,0,0,0,0,0
Casl Shannon Dist 6,,,Weinstein,0,0,0,0,0,0,0,0,0,0,0,0,0,0,0,0,0
Casl Shannon Dist 7,,,Weinstein,0,0,0,0,0,0,0,0,0,0,0,0,0,0,0,0,0
Casl Shannon Dist 8,,,Weinstein,0,0,0,0,0,0,0,0,0,0,0,0,0,0,0,0,0
Chalfant Dist 1,,,Weinstein,0,0,0,0,0,0,0,0,0,0,0,0,0,0,0,0,0
Cheswick Dist 1,,,Weinstein,0,0,0,0,0,0,0,0,0,0,0,0,0,0,0,0,0
Cheswick Dist 2,,,Weinstein,0,0,0,0,0,0,0,0,0,0,0,0,0,0,0,0,0
Churchill Dist 1,,,Weinstein,0,0,0,0,0,0,0,0,0,0,0,0,0,0,0,0,0
Churchill Dist 2,,,Weinstein,0,0,0,0,0,0,0,0,0,0,0,0,0,0,0,0,0
Churchill Dist 3,,,Weinstein,0,0,0,0,0,0,0,0,0,0,0,0,0,0,0,0,0
Churchill Dist 4,,,Weinstein,0,0,0,0,0,0,0,0,0,0,0,0,0,0,0,0,0
Clairton Ward 1 Dist 1,,,Weinstein,0,0,0,0,0,0,0,0,0,0,0,0,0,0,0,0,0
Clairton Ward 1 Dist 2,,,Weinstein,0,0,0,0,0,0,0,0,0,0,0,0,0,0,0,0,0
Clairton Ward 1 Dist 3,,,Weinstein,0,0,0,0,0,0,0,0,0,0,0,0,0,0,0,0,0
Clairton Ward 2 Dist 1,,,Weinstein,0,0,0,0,0,0,0,0,0,0,0,0,0,0,0,0,0
Clairton Ward 2 Dist 2,,,Weinstein,0,0,0,0,0,0,0,0,0,0,0,0,0,0,0,0,0
Clairton Ward 2 Dist 3,,,Weinstein,0,0,0,0,0,0,0,0,0,0,0,0,0,0,0,0,0
Clairton Ward 3 Dist 1,,,Weinstein,0,0,0,0,0,0,0,0,0,0,0,0,0,0,0,0,0
Clairton Ward 3 Dist 2,,,Weinstein,0,0,0,0,0,0,0,0,0,0,0,0,0,0,0,0,0
Clairton Ward 3 Dist 3,,,Weinstein,0,0,0,0,0,0,0,0,0,0,0,0,0,0,0,0,0
Clairton Ward 4 Dist 1,,,Weinstein,0,0,0,0,0,0,0,0,0,0,0,0,0,0,0,0,0
Clairton Ward 4 Dist 2,,,Weinstein,0,0,0,0,0,0,0,0,0,0,0,0,0,0,0,0,0
Clairton Ward 4 Dist 3,,,Weinstein,0,0,0,0,0,0,0,0,0,0,0,0,0,0,0,0,0
Collier Dist 1,,,Weinstein,0,0,0,0,0,0,0,0,0,0,0,0,0,0,0,0,0
Collier Dist 2,,,Weinstein,0,0,0,0,0,0,0,0,0,0,0,0,0,0,0,0,0
Collier Dist 3,,,Weinstein,0,0,0,0,0,0,0,0,0,0,0,0,0,0,0,0,0
Collier Dist 4,,,Weinstein,0,0,0,0,0,0,0,0,0,0,0,0,0,0,0,0,0
Collier Dist 5,,,Weinstein,0,0,0,0,0,0,0,0,0,0,0,0,0,0,0,0,0
Collier Dist 6,,,Weinstein,0,0,0,0,0,0,0,0,0,0,0,0,0,0,0,0,0
Coraopolis Ward 1 Dist 1,,,Weinstein,0,0,0,0,0,0,0,0,0,0,0,0,0,0,0,0,0
Coraopolis Ward 1 Dist 2,,,Weinstein,0,0,0,0,0,0,0,0,0,0,0,0,0,0,0,0,0
Coraopolis Ward 2,,,Weinstein,0,0,0,0,0,0,0,0,0,0,0,0,0,0,0,0,0
Coraopolis Ward 3 Dist 1,,,Weinstein,0,0,0,0,0,0,0,0,0,0,0,0,0,0,0,0,0
Coraopolis Ward 3 Dist 2,,,Weinstein,0,0,0,0,0,0,0,0,0,0,0,0,0,0,0,0,0
Coraopolis Ward 4 Dist 1,,,Weinstein,0,0,0,0,0,0,0,0,0,0,0,0,0,0,0,0,0
Coraopolis Ward 4 Dist 2,,,Weinstein,0,0,0,0,0,0,0,0,0,0,0,0,0,0,0,0,0
Crafton Ward 1 Dist 1,,,Weinstein,0,0,0,0,0,0,0,0,0,0,0,0,0,0,0,0,0
Crafton Ward 1 Dist 2,,,Weinstein,0,0,0,0,0,0,0,0,0,0,0,0,0,0,0,0,0
Crafton Ward 2 Dist 1,,,Weinstein,0,0,0,0,0,0,0,0,0,0,0,0,0,0,0,0,0
Crafton Ward 2 Dist 2,,,Weinstein,0,0,0,0,0,0,0,0,0,0,0,0,0,0,0,0,0
Crafton Ward 3 Dist 1,,,Weinstein,0,0,0,0,0,0,0,0,0,0,0,0,0,0,0,0,0
Crafton Ward 3 Dist 2,,,Weinstein,0,0,0,0,0,0,0,0,0,0,0,0,0,0,0,0,0
Crescent Ward 1,,,Weinstein,0,0,0,0,0,0,0,0,0,0,0,0,0,0,0,0,0
Crescent Ward 2,,,Weinstein,0,0,0,0,0,0,0,0,0,0,0,0,0,0,0,0,0
Dormont Dist 1,,,Weinstein,0,0,0,0,0,0,0,0,0,0,0,0,0,0,0,0,0
Dormont Dist 2,,,Weinstein,0,0,0,0,0,0,0,0,0,0,0,0,0,0,0,0,0
Dormont Dist 3,,,Weinstein,0,0,0,0,0,0,0,0,0,0,0,0,0,0,0,0,0
Dormont Dist 4,,,Weinstein,0,0,0,0,0,0,0,0,0,0,0,0,0,0,0,0,0
Dormont Dist 5,,,Weinstein,0,0,0,0,0,0,0,0,0,0,0,0,0,0,0,0,0
Dormont Dist 6,,,Weinstein,0,0,0,0,0,0,0,0,0,0,0,0,0,0,0,0,0
Dormont Dist 7,,,Weinstein,0,0,0,0,0,0,0,0,0,0,0,0,0,0,0,0,0
Dormont Dist 8,,,Weinstein,0,0,0,0,0,0,0,0,0,0,0,0,0,0,0,0,0
Dormont Dist 9,,,Weinstein,0,0,0,0,0,0,0,0,0,0,0,0,0,0,0,0,0
Dormont Dist 10,,,Weinstein,0,0,0,0,0,0,0,0,0,0,0,0,0,0,0,0,0
Dravosburg Dist 1,,,Weinstein,0,0,0,0,0,0,0,0,0,0,0,0,0,0,0,0,0
Dravosburg Dist 2,,,Weinstein,0,0,0,0,0,0,0,0,0,0,0,0,0,0,0,0,0
Dravosburg Dist 3,,,Weinstein,0,0,0,0,0,0,0,0,0,0,0,0,0,0,0,0,0
Duquesne Ward 1 Dist 1,,,Weinstein,0,0,0,0,0,0,0,0,0,0,0,0,0,0,0,0,0
Duquesne Ward 1 Dist 2,,,Weinstein,0,0,0,0,0,0,0,0,0,0,0,0,0,0,0,0,0
Duquesne Ward 1 Dist 3,,,Weinstein,0,0,0,0,0,0,0,0,0,0,0,0,0,0,0,0,0
Duquesne Ward 1 Dist 4,,,Weinstein,0,0,0,0,0,0,0,0,0,0,0,0,0,0,0,0,0
Duquesne Ward 2 Dist 1,,,Weinstein,0,0,0,0,0,0,0,0,0,0,0,0,0,0,0,0,0
Duquesne Ward 2 Dist 2,,,Weinstein,0,0,0,0,0,0,0,0,0,0,0,0,0,0,0,0,0
Duquesne Ward 2 Dist 3,,,Weinstein,0,0,0,0,0,0,0,0,0,0,0,0,0,0,0,0,0
Duquesne Ward 3 Dist 1,,,Weinstein,0,0,0,0,0,0,0,0,0,0,0,0,0,0,0,0,0
Duquesne Ward 3 Dist 2,,,Weinstein,0,0,0,0,0,0,0,0,0,0,0,0,0,0,0,0,0
Duquesne Ward 3 Dist 3,,,Weinstein,0,0,0,0,0,0,0,0,0,0,0,0,0,0,0,0,0
East Deer Ward 1,,,Weinstein,0,0,0,0,0,0,0,0,0,0,0,0,0,0,0,0,0
East Deer Ward 2,,,Weinstein,0,0,0,0,0,0,0,0,0,0,0,0,0,0,0,0,0
E McKeesport Dist 1,,,Weinstein,0,0,0,0,0,0,0,0,0,0,0,0,0,0,0,0,0
E McKeesport Dist 2,,,Weinstein,0,0,0,0,0,0,0,0,0,0,0,0,0,0,0,0,0
E McKeesport Dist 3,,,Weinstein,0,0,0,0,0,0,0,0,0,0,0,0,0,0,0,0,0
E Pittsburgh Ward 1,,,Weinstein,0,0,0,0,0,0,0,0,0,0,0,0,0,0,0,0,0
E Pittsburgh Ward 2,,,Weinstein,0,0,0,0,0,0,0,0,0,0,0,0,0,0,0,0,0
E Pittsburgh Ward 3,,,Weinstein,0,0,0,0,0,0,0,0,0,0,0,0,0,0,0,0,0
Edgewood Dist 1,,,Weinstein,0,0,0,0,0,0,0,0,0,0,0,0,0,0,0,0,0
Edgewood Dist 2,,,Weinstein,0,0,0,0,0,0,0,0,0,0,0,0,0,0,0,0,0
Edgewood Dist 3,,,Weinstein,0,0,0,0,0,0,0,0,0,0,0,0,0,0,0,0,0
Edgeworth Dist 1,,,Weinstein,0,0,0,0,0,0,0,0,0,0,0,0,0,0,0,0,0
Edgeworth Dist 2,,,Weinstein,0,0,0,0,0,0,0,0,0,0,0,0,0,0,0,0,0
Elizabeth Br,,,Weinstein,0,0,0,0,0,0,0,0,0,0,0,0,0,0,0,0,0
Elizabeth Tp Ward 1 Dist 1,,,Weinstein,0,0,0,0,0,0,0,0,0,0,0,0,0,0,0,0,0
Elizabeth Tp Ward 1 Dist 2,,,Weinstein,0,0,0,0,0,0,0,0,0,0,0,0,0,0,0,0,0
Elizabeth Tp Ward 2,,,Weinstein,0,0,0,0,0,0,0,0,0,0,0,0,0,0,0,0,0
Elizabeth Tp Ward 3,,,Weinstein,0,0,0,0,0,0,0,0,0,0,0,0,0,0,0,0,0
Elizabeth Tp Ward 4 Dist 1,,,Weinstein,0,0,0,0,0,0,0,0,0,0,0,0,0,0,0,0,0
Elizabeth Tp Ward 4 Dist 2,,,Weinstein,0,0,0,0,0,0,0,0,0,0,0,0,0,0,0,0,0
Elizabeth Tp Ward 5 Dist 1,,,Weinstein,0,0,0,0,0,0,0,0,0,0,0,0,0,0,0,0,0
Elizabeth Tp Ward 5 Dist 2,,,Weinstein,0,0,0,0,0,0,0,0,0,0,0,0,0,0,0,0,0
Elizabeth Tp Ward 6 Dist 1,,,Weinstein,0,0,0,0,0,0,0,0,0,0,0,0,0,0,0,0,0
Elizabeth Tp Ward 6 Dist 2,,,Weinstein,0,0,0,0,0,0,0,0,0,0,0,0,0,0,0,0,0
Elizabeth Tp Ward 7,,,Weinstein,0,0,0,0,0,0,0,0,0,0,0,0,0,0,0,0,0
Emsworth Dist 1,,,Weinstein,0,0,0,0,0,0,0,0,0,0,0,0,0,0,0,0,0
Emsworth Dist 2,,,Weinstein,0,0,0,0,0,0,0,0,0,0,0,0,0,0,0,0,0
Etna Ward 1,,,Weinstein,0,0,0,0,0,0,0,0,0,0,0,0,0,0,0,0,0
Etna Ward 2,,,Weinstein,0,0,0,0,0,0,0,0,0,0,0,0,0,0,0,0,0
Etna Ward 3,,,Weinstein,0,0,0,0,0,0,0,0,0,0,0,0,0,0,0,0,0
Fawn Dist 1,,,Weinstein,0,0,0,0,0,0,0,0,0,0,0,0,0,0,0,0,0
Fawn Dist 2,,,Weinstein,0,0,0,0,0,0,0,0,0,0,0,0,0,0,0,0,0
Findlay Dist 1,,,Weinstein,0,0,0,0,0,0,0,0,0,0,0,0,0,0,0,0,0
Findlay Dist 2,,,Weinstein,0,0,0,0,0,0,0,0,0,0,0,0,0,0,0,0,0
Findlay Dist 3,,,Weinstein,0,0,0,0,0,0,0,0,0,0,0,0,0,0,0,0,0
Forest Hills Dist 1,,,Weinstein,0,0,0,0,0,0,0,0,0,0,0,0,0,0,0,0,0
Forest Hills Dist 2,,,Weinstein,0,0,0,0,0,0,0,0,0,0,0,0,0,0,0,0,0
Forest Hills Dist 3,,,Weinstein,0,0,0,0,0,0,0,0,0,0,0,0,0,0,0,0,0
Forest Hills Dist 4,,,Weinstein,0,0,0,0,0,0,0,0,0,0,0,0,0,0,0,0,0
Forest Hills Dist 5,,,Weinstein,0,0,0,0,0,0,0,0,0,0,0,0,0,0,0,0,0
Forest Hills Dist 6,,,Weinstein,0,0,0,0,0,0,0,0,0,0,0,0,0,0,0,0,0
Forest Hills Dist 7,,,Weinstein,0,0,0,0,0,0,0,0,0,0,0,0,0,0,0,0,0
Forest Hills Dist 8,,,Weinstein,0,0,0,0,0,0,0,0,0,0,0,0,0,0,0,0,0
Forward Dist 1,,,Weinstein,0,0,0,0,0,0,0,0,0,0,0,0,0,0,0,0,0
Forward Dist 2,,,Weinstein,0,0,0,0,0,0,0,0,0,0,0,0,0,0,0,0,0
Forward Dist 3,,,Weinstein,0,0,0,0,0,0,0,0,0,0,0,0,0,0,0,0,0
Forward Dist 4,,,Weinstein,0,0,0,0,0,0,0,0,0,0,0,0,0,0,0,0,0
Fox Chapel Dist 1,,,Weinstein,0,0,0,0,0,0,0,0,0,0,0,0,0,0,0,0,0
Fox Chapel Dist 2,,,Weinstein,0,0,0,0,0,0,0,0,0,0,0,0,0,0,0,0,0
Fox Chapel Dist 3,,,Weinstein,0,0,0,0,0,0,0,0,0,0,0,0,0,0,0,0,0
Fox Chapel Dist 4,,,Weinstein,0,0,0,0,0,0,0,0,0,0,0,0,0,0,0,0,0
Fox Chapel Dist 5,,,Weinstein,0,0,0,0,0,0,0,0,0,0,0,0,0,0,0,0,0
Franklin Pk Ward 1 Dist 1,,,Weinstein,0,0,0,0,0,0,0,0,0,0,0,0,0,0,0,0,0
Franklin Pk Ward 1 Dist 2,,,Weinstein,0,0,0,0,0,0,0,0,0,0,0,0,0,0,0,0,0
Franklin Pk Ward 1 Dist 3,,,Weinstein,0,0,0,0,0,0,0,0,0,0,0,0,0,0,0,0,0
Franklin Pk Ward 2 Dist 1,,,Weinstein,0,0,0,0,0,0,0,0,0,0,0,0,0,0,0,0,0
Franklin Pk Ward 2 Dist 2,,,Weinstein,0,0,0,0,0,0,0,0,0,0,0,0,0,0,0,0,0
Franklin Pk Ward 2 Dist 3,,,Weinstein,0,0,0,0,0,0,0,0,0,0,0,0,0,0,0,0,0
Franklin Pk Ward 3 Dist 1,,,Weinstein,0,0,0,0,0,0,0,0,0,0,0,0,0,0,0,0,0
Franklin Pk Ward 3 Dist 2,,,Weinstein,0,0,0,0,0,0,0,0,0,0,0,0,0,0,0,0,0
Franklin Pk Ward 3 Dist 3,,,Weinstein,0,0,0,0,0,0,0,0,0,0,0,0,0,0,0,0,0
Frazer,,,Weinstein,0,0,0,0,0,0,0,0,0,0,0,0,0,0,0,0,0
Glassport Dist 1,,,Weinstein,0,0,0,0,0,0,0,0,0,0,0,0,0,0,0,0,0
Glassport Dist 2,,,Weinstein,0,0,0,0,0,0,0,0,0,0,0,0,0,0,0,0,0
Glassport Dist 3,,,Weinstein,0,0,0,0,0,0,0,0,0,0,0,0,0,0,0,0,0
Glassport Dist 4,,,Weinstein,0,0,0,0,0,0,0,0,0,0,0,0,0,0,0,0,0
Glassport Dist 5,,,Weinstein,0,0,0,0,0,0,0,0,0,0,0,0,0,0,0,0,0
Glassport Dist 6,,,Weinstein,0,0,0,0,0,0,0,0,0,0,0,0,0,0,0,0,0
Glenfield,,,Weinstein,0,0,0,0,0,0,0,0,0,0,0,0,0,0,0,0,0
Green Tree Dist 1,,,Weinstein,0,0,0,0,0,0,0,0,0,0,0,0,0,0,0,0,0
Green Tree Dist 2,,,Weinstein,0,0,0,0,0,0,0,0,0,0,0,0,0,0,0,0,0
Green Tree Dist 3,,,Weinstein,0,0,0,0,0,0,0,0,0,0,0,0,0,0,0,0,0
Green Tree Dist 4,,,Weinstein,0,0,0,0,0,0,0,0,0,0,0,0,0,0,0,0,0
Hampton Dist 1,,,Weinstein,0,0,0,0,0,0,0,0,0,0,0,0,0,0,0,0,0
Hampton Dist 2,,,Weinstein,0,0,0,0,0,0,0,0,0,0,0,0,0,0,0,0,0
Hampton Dist 3,,,Weinstein,0,0,0,0,0,0,0,0,0,0,0,0,0,0,0,0,0
Hampton Dist 4,,,Weinstein,0,0,0,0,0,0,0,0,0,0,0,0,0,0,0,0,0
Hampton Dist 5,,,Weinstein,0,0,0,0,0,0,0,0,0,0,0,0,0,0,0,0,0
Hampton Dist 6,,,Weinstein,0,0,0,0,0,0,0,0,0,0,0,0,0,0,0,0,0
Hampton Dist 7,,,Weinstein,0,0,0,0,0,0,0,0,0,0,0,0,0,0,0,0,0
Hampton Dist 8,,,Weinstein,0,0,0,0,0,0,0,0,0,0,0,0,0,0,0,0,0
Hampton Dist 9,,,Weinstein,0,0,0,0,0,0,0,0,0,0,0,0,0,0,0,0,0
Hampton Dist 10,,,Weinstein,0,0,0,0,0,0,0,0,0,0,0,0,0,0,0,0,0
Hampton Dist 11,,,Weinstein,0,0,0,0,0,0,0,0,0,0,0,0,0,0,0,0,0
Hampton Dist 12,,,Weinstein,0,0,0,0,0,0,0,0,0,0,0,0,0,0,0,0,0
Hampton Dist 13,,,Weinstein,0,0,0,0,0,0,0,0,0,0,0,0,0,0,0,0,0
Harmar Dist 1,,,Weinstein,0,0,0,0,0,0,0,0,0,0,0,0,0,0,0,0,0
Harmar Dist 2,,,Weinstein,0,0,0,0,0,0,0,0,0,0,0,0,0,0,0,0,0
Harmar Dist 3,,,Weinstein,0,0,0,0,0,0,0,0,0,0,0,0,0,0,0,0,0
Harrison Ward 1 Dist 1,,,Weinstein,0,0,0,0,0,0,0,0,0,0,0,0,0,0,0,0,0
Harrison Ward 1 Dist 2,,,Weinstein,0,0,0,0,0,0,0,0,0,0,0,0,0,0,0,0,0
Harrison Ward 1 Dist 3,,,Weinstein,0,0,0,0,0,0,0,0,0,0,0,0,0,0,0,0,0
Harrison Ward 2 Dist 1,,,Weinstein,0,0,0,0,0,0,0,0,0,0,0,0,0,0,0,0,0
Harrison Ward 2 Dist 2,,,Weinstein,0,0,0,0,0,0,0,0,0,0,0,0,0,0,0,0,0
Harrison Ward 3 Dist 1,,,Weinstein,0,0,0,0,0,0,0,0,0,0,0,0,0,0,0,0,0
Harrison Ward 3 Dist 2,,,Weinstein,0,0,0,0,0,0,0,0,0,0,0,0,0,0,0,0,0
Harrison Ward 4 Dist 1,,,Weinstein,0,0,0,0,0,0,0,0,0,0,0,0,0,0,0,0,0
Harrison Ward 4 Dist 2,,,Weinstein,0,0,0,0,0,0,0,0,0,0,0,0,0,0,0,0,0
Harrison Ward 5 Dist 1,,,Weinstein,0,0,0,0,0,0,0,0,0,0,0,0,0,0,0,0,0
Harrison Ward 5 Dist 2,,,Weinstein,0,0,0,0,0,0,0,0,0,0,0,0,0,0,0,0,0
Haysville,,,Weinstein,0,0,0,0,0,0,0,0,0,0,0,0,0,0,0,0,0
Heidelberg,,,Weinstein,0,0,0,0,0,0,0,0,0,0,0,0,0,0,0,0,0
Homestead Ward 1 Dist 1,,,Weinstein,0,0,0,0,0,0,0,0,0,0,0,0,0,0,0,0,0
Homestead Ward 1 Dist 2,,,Weinstein,0,0,0,0,0,0,0,0,0,0,0,0,0,0,0,0,0
Homestead Ward 2 Dist 1,,,Weinstein,0,0,0,0,0,0,0,0,0,0,0,0,0,0,0,0,0
Homestead Ward 2 Dist 2,,,Weinstein,0,0,0,0,0,0,0,0,0,0,0,0,0,0,0,0,0
Homestead Ward 3 Dist 1,,,Weinstein,0,0,0,0,0,0,0,0,0,0,0,0,0,0,0,0,0
Homestead Ward 3 Dist 2,,,Weinstein,0,0,0,0,0,0,0,0,0,0,0,0,0,0,0,0,0
Indiana Dist 1,,,Weinstein,0,0,0,0,0,0,0,0,0,0,0,0,0,0,0,0,0
Indiana Dist 2,,,Weinstein,0,0,0,0,0,0,0,0,0,0,0,0,0,0,0,0,0
Indiana Dist 3,,,Weinstein,0,0,0,0,0,0,0,0,0,0,0,0,0,0,0,0,0
Indiana Dist 4,,,Weinstein,0,0,0,0,0,0,0,0,0,0,0,0,0,0,0,0,0
Indiana Dist 5,,,Weinstein,0,0,0,0,0,0,0,0,0,0,0,0,0,0,0,0,0
Ingram Dist 1,,,Weinstein,0,0,0,0,0,0,0,0,0,0,0,0,0,0,0,0,0
Ingram Dist 2,,,Weinstein,0,0,0,0,0,0,0,0,0,0,0,0,0,0,0,0,0
Ingram Dist 3,,,Weinstein,0,0,0,0,0,0,0,0,0,0,0,0,0,0,0,0,0
Jefferson Hl Dist 1,,,Weinstein,0,0,0,0,0,0,0,0,0,0,0,0,0,0,0,0,0
Jefferson Hl Dist 2,,,Weinstein,0,0,0,0,0,0,0,0,0,0,0,0,0,0,0,0,0
Jefferson Hl Dist 3,,,Weinstein,0,0,0,0,0,0,0,0,0,0,0,0,0,0,0,0,0
Jefferson Hl Dist 4,,,Weinstein,0,0,0,0,0,0,0,0,0,0,0,0,0,0,0,0,0
Jefferson Hl Dist 5,,,Weinstein,0,0,0,0,0,0,0,0,0,0,0,0,0,0,0,0,0
Jefferson Hl Dist 6,,,Weinstein,0,0,0,0,0,0,0,0,0,0,0,0,0,0,0,0,0
Jefferson Hl Dist 7,,,Weinstein,0,0,0,0,0,0,0,0,0,0,0,0,0,0,0,0,0
Jefferson Hl Dist 8,,,Weinstein,0,0,0,0,0,0,0,0,0,0,0,0,0,0,0,0,0
Jefferson Hl Dist 9,,,Weinstein,0,0,0,0,0,0,0,0,0,0,0,0,0,0,0,0,0
Kennedy Dist 1,,,Weinstein,0,0,0,0,0,0,0,0,0,0,0,0,0,0,0,0,0
Kennedy Dist 2,,,Weinstein,0,0,0,0,0,0,0,0,0,0,0,0,0,0,0,0,0
Kennedy Dist 3,,,Weinstein,0,0,0,0,0,0,0,0,0,0,0,0,0,0,0,0,0
Kennedy Dist 4,,,Weinstein,0,0,0,0,0,0,0,0,0,0,0,0,0,0,0,0,0
Kennedy Dist 5,,,Weinstein,0,0,0,0,0,0,0,0,0,0,0,0,0,0,0,0,0
Kennedy Dist 6,,,Weinstein,0,0,0,0,0,0,0,0,0,0,0,0,0,0,0,0,0
Kennedy Dist 7,,,Weinstein,0,0,0,0,0,0,0,0,0,0,0,0,0,0,0,0,0
Kilbuck,,,Weinstein,0,0,0,0,0,0,0,0,0,0,0,0,0,0,0,0,0
Leet Dist 1,,,Weinstein,0,0,0,0,0,0,0,0,0,0,0,0,0,0,0,0,0
Leet Dist 2,,,Weinstein,0,0,0,0,0,0,0,0,0,0,0,0,0,0,0,0,0
Leetsdale,,,Weinstein,0,0,0,0,0,0,0,0,0,0,0,0,0,0,0,0,0
Liberty Dist 1,,,Weinstein,0,0,0,0,0,0,0,0,0,0,0,0,0,0,0,0,0
Liberty Dist 2,,,Weinstein,0,0,0,0,0,0,0,0,0,0,0,0,0,0,0,0,0
Lincoln,,,Weinstein,0,0,0,0,0,0,0,0,0,0,0,0,0,0,0,0,0
Marshall Dist 1,,,Weinstein,0,0,0,0,0,0,0,0,0,0,0,0,0,0,0,0,0
Marshall Dist 2,,,Weinstein,0,0,0,0,0,0,0,0,0,0,0,0,0,0,0,0,0
Marshall Dist 3,,,Weinstein,0,0,0,0,0,0,0,0,0,0,0,0,0,0,0,0,0
Marshall Dist 4,,,Weinstein,0,0,0,0,0,0,0,0,0,0,0,0,0,0,0,0,0
Marshall Dist 5,,,Weinstein,0,0,0,0,0,0,0,0,0,0,0,0,0,0,0,0,0
Marshall Dist 6,,,Weinstein,0,0,0,0,0,0,0,0,0,0,0,0,0,0,0,0,0
Marshall Dist 7,,,Weinstein,0,0,0,0,0,0,0,0,0,0,0,0,0,0,0,0,0
McCandless Ward 1 Dist 1,,,Weinstein,0,0,0,0,0,0,0,0,0,0,0,0,0,0,0,0,0
McCandless Ward 1 Dist 2,,,Weinstein,0,0,0,0,0,0,0,0,0,0,0,0,0,0,0,0,0
McCandless Ward 1 Dist 3,,,Weinstein,0,0,0,0,0,0,0,0,0,0,0,0,0,0,0,0,0
McCandless Ward 2 Dist 1,,,Weinstein,0,0,0,0,0,0,0,0,0,0,0,0,0,0,0,0,0
McCandless Ward 2 Dist 2,,,Weinstein,0,0,0,0,0,0,0,0,0,0,0,0,0,0,0,0,0
McCandless Ward 2 Dist 3,,,Weinstein,0,0,0,0,0,0,0,0,0,0,0,0,0,0,0,0,0
McCandless Ward 3 Dist 1,,,Weinstein,0,0,0,0,0,0,0,0,0,0,0,0,0,0,0,0,0
McCandless Ward 3 Dist 2,,,Weinstein,0,0,0,0,0,0,0,0,0,0,0,0,0,0,0,0,0
McCandless Ward 3 Dist 3,,,Weinstein,0,0,0,0,0,0,0,0,0,0,0,0,0,0,0,0,0
McCandless Ward 4 Dist 1,,,Weinstein,0,0,0,0,0,0,0,0,0,0,0,0,0,0,0,0,0
McCandless Ward 4 Dist 2,,,Weinstein,0,0,0,0,0,0,0,0,0,0,0,0,0,0,0,0,0
McCandless Ward 4 Dist 3,,,Weinstein,0,0,0,0,0,0,0,0,0,0,0,0,0,0,0,0,0
McCandless Ward 5 Dist 1,,,Weinstein,0,0,0,0,0,0,0,0,0,0,0,0,0,0,0,0,0
McCandless Ward 5 Dist 2,,,Weinstein,0,0,0,0,0,0,0,0,0,0,0,0,0,0,0,0,0
McCandless Ward 5 Dist 3,,,Weinstein,0,0,0,0,0,0,0,0,0,0,0,0,0,0,0,0,0
McCandless Ward 6 Dist 1,,,Weinstein,0,0,0,0,0,0,0,0,0,0,0,0,0,0,0,0,0
McCandless Ward 6 Dist 2,,,Weinstein,0,0,0,0,0,0,0,0,0,0,0,0,0,0,0,0,0
McCandless Ward 6 Dist 3,,,Weinstein,0,0,0,0,0,0,0,0,0,0,0,0,0,0,0,0,0
McCandless Ward 7 Dist 1,,,Weinstein,0,0,0,0,0,0,0,0,0,0,0,0,0,0,0,0,0
McCandless Ward 7 Dist 2,,,Weinstein,0,0,0,0,0,0,0,0,0,0,0,0,0,0,0,0,0
McCandless Ward 7 Dist 3,,,Weinstein,0,0,0,0,0,0,0,0,0,0,0,0,0,0,0,0,0
McDonald,,,Weinstein,0,0,0,0,0,0,0,0,0,0,0,0,0,0,0,0,0
McKeesport Ward 1,,,Weinstein,0,0,0,0,0,0,0,0,0,0,0,0,0,0,0,0,0
McKeesport Ward 2,,,Weinstein,0,0,0,0,0,0,0,0,0,0,0,0,0,0,0,0,0
McKeesport Ward 3 Dist 1,,,Weinstein,0,0,0,0,0,0,0,0,0,0,0,0,0,0,0,0,0
McKeesport Ward 3 Dist 2,,,Weinstein,0,0,0,0,0,0,0,0,0,0,0,0,0,0,0,0,0
McKeesport Ward 4,,,Weinstein,0,0,0,0,0,0,0,0,0,0,0,0,0,0,0,0,0
McKeesport Ward 5,,,Weinstein,0,0,0,0,0,0,0,0,0,0,0,0,0,0,0,0,0
McKeesport Ward 6 Dist 1,,,Weinstein,0,0,0,0,0,0,0,0,0,0,0,0,0,0,0,0,0
McKeesport Ward 6 Dist 2,,,Weinstein,0,0,0,0,0,0,0,0,0,0,0,0,0,0,0,0,0
McKeesport Ward 7 Dist 1,,,Weinstein,0,0,0,0,0,0,0,0,0,0,0,0,0,0,0,0,0
McKeesport Ward 7 Dist 2,,,Weinstein,0,0,0,0,0,0,0,0,0,0,0,0,0,0,0,0,0
McKeesport Ward 7 Dist 3,,,Weinstein,0,0,0,0,0,0,0,0,0,0,0,0,0,0,0,0,0
McKeesport Ward 7 Dist 4,,,Weinstein,0,0,0,0,0,0,0,0,0,0,0,0,0,0,0,0,0
McKeesport Ward 7 Dist 5,,,Weinstein,0,0,0,0,0,0,0,0,0,0,0,0,0,0,0,0,0
McKeesport Ward 7 Dist 6,,,Weinstein,0,0,0,0,0,0,0,0,0,0,0,0,0,0,0,0,0
McKeesport Ward 7 Dist 7,,,Weinstein,0,0,0,0,0,0,0,0,0,0,0,0,0,0,0,0,0
McKeesport Ward 8 Dist 1,,,Weinstein,0,0,0,0,0,0,0,0,0,0,0,0,0,0,0,0,0
McKeesport Ward 8 Dist 2,,,Weinstein,0,0,0,0,0,0,0,0,0,0,0,0,0,0,0,0,0
McKeesport Ward 8 Dist 3,,,Weinstein,0,0,0,0,0,0,0,0,0,0,0,0,0,0,0,0,0
McKeesport Ward 8 Dist 4,,,Weinstein,0,0,0,0,0,0,0,0,0,0,0,0,0,0,0,0,0
McKeesport Ward 8 Dist 5,,,Weinstein,0,0,0,0,0,0,0,0,0,0,0,0,0,0,0,0,0
McKeesport Ward 8 Dist 6,,,Weinstein,0,0,0,0,0,0,0,0,0,0,0,0,0,0,0,0,0
McKeesport Ward 9 Dist 1,,,Weinstein,0,0,0,0,0,0,0,0,0,0,0,0,0,0,0,0,0
McKeesport Ward 9 Dist 2,,,Weinstein,0,0,0,0,0,0,0,0,0,0,0,0,0,0,0,0,0
McKeesport Ward 9 Dist 3,,,Weinstein,0,0,0,0,0,0,0,0,0,0,0,0,0,0,0,0,0
McKeesport Ward 10 Dist 1,,,Weinstein,0,0,0,0,0,0,0,0,0,0,0,0,0,0,0,0,0
McKeesport Ward 10 Dist 2,,,Weinstein,0,0,0,0,0,0,0,0,0,0,0,0,0,0,0,0,0
McKeesport Ward 11 Dist 1,,,Weinstein,0,0,0,0,0,0,0,0,0,0,0,0,0,0,0,0,0
McKeesport Ward 11 Dist 2,,,Weinstein,0,0,0,0,0,0,0,0,0,0,0,0,0,0,0,0,0
McKeesport Ward 11 Dist 3,,,Weinstein,0,0,0,0,0,0,0,0,0,0,0,0,0,0,0,0,0
McKeesport Ward 12 Dist 1,,,Weinstein,0,0,0,0,0,0,0,0,0,0,0,0,0,0,0,0,0
McKeesport Ward 12 Dist 2,,,Weinstein,0,0,0,0,0,0,0,0,0,0,0,0,0,0,0,0,0
McKeesport Ward 12 Dist 3,,,Weinstein,0,0,0,0,0,0,0,0,0,0,0,0,0,0,0,0,0
McKees Rocks Ward 1 Dist 1,,,Weinstein,0,0,0,0,0,0,0,0,0,0,0,0,0,0,0,0,0
McKees Rocks Ward 1 Dist 2,,,Weinstein,0,0,0,0,0,0,0,0,0,0,0,0,0,0,0,0,0
McKees Rocks Ward 2 Dist 1,,,Weinstein,0,0,0,0,0,0,0,0,0,0,0,0,0,0,0,0,0
McKees Rocks Ward 2 Dist 2,,,Weinstein,0,0,0,0,0,0,0,0,0,0,0,0,0,0,0,0,0
McKees Rocks Ward 3 Dist 1,,,Weinstein,0,0,0,0,0,0,0,0,0,0,0,0,0,0,0,0,0
McKees Rocks Ward 3 Dist 2,,,Weinstein,0,0,0,0,0,0,0,0,0,0,0,0,0,0,0,0,0
McKees Rocks Ward 3 Dist 3,,,Weinstein,0,0,0,0,0,0,0,0,0,0,0,0,0,0,0,0,0
Millvale Dist 1,,,Weinstein,0,0,0,0,0,0,0,0,0,0,0,0,0,0,0,0,0
Millvale Dist 2,,,Weinstein,0,0,0,0,0,0,0,0,0,0,0,0,0,0,0,0,0
Millvale Dist 3,,,Weinstein,0,0,0,0,0,0,0,0,0,0,0,0,0,0,0,0,0
Millvale Dist 4,,,Weinstein,0,0,0,0,0,0,0,0,0,0,0,0,0,0,0,0,0
Millvale Dist 5,,,Weinstein,0,0,0,0,0,0,0,0,0,0,0,0,0,0,0,0,0
Monroeville Ward 1 Dist 1,,,Weinstein,0,0,0,0,0,0,0,0,0,0,0,0,0,0,0,0,0
Monroeville Ward 1 Dist 2,,,Weinstein,0,0,0,0,0,0,0,0,0,0,0,0,0,0,0,0,0
Monroeville Ward 1 Dist 3,,,Weinstein,0,0,0,0,0,0,0,0,0,0,0,0,0,0,0,0,0
Monroeville Ward 1 Dist 4,,,Weinstein,0,0,0,0,0,0,0,0,0,0,0,0,0,0,0,0,0
Monroeville Ward 2 Dist 1,,,Weinstein,0,0,0,0,0,0,0,0,0,0,0,0,0,0,0,0,0
Monroeville Ward 2 Dist 2,,,Weinstein,0,0,0,0,0,0,0,0,0,0,0,0,0,0,0,0,0
Monroeville Ward 2 Dist 3,,,Weinstein,0,0,0,0,0,0,0,0,0,0,0,0,0,0,0,0,0
Monroeville Ward 3 Dist 1,,,Weinstein,0,0,0,0,0,0,0,0,0,0,0,0,0,0,0,0,0
Monroeville Ward 3 Dist 2,,,Weinstein,0,0,0,0,0,0,0,0,0,0,0,0,0,0,0,0,0
Monroeville Ward 3 Dist 3,,,Weinstein,0,0,0,0,0,0,0,0,0,0,0,0,0,0,0,0,0
Monroeville Ward 3 Dist 4,,,Weinstein,0,0,0,0,0,0,0,0,0,0,0,0,0,0,0,0,0
Monroeville Ward 4 Dist 1,,,Weinstein,0,0,0,0,0,0,0,0,0,0,0,0,0,0,0,0,0
Monroeville Ward 4 Dist 2,,,Weinstein,0,0,0,0,0,0,0,0,0,0,0,0,0,0,0,0,0
Monroeville Ward 4 Dist 3,,,Weinstein,0,0,0,0,0,0,0,0,0,0,0,0,0,0,0,0,0
Monroeville Ward 5 Dist 1,,,Weinstein,0,0,0,0,0,0,0,0,0,0,0,0,0,0,0,0,0
Monroeville Ward 5 Dist 2,,,Weinstein,0,0,0,0,0,0,0,0,0,0,0,0,0,0,0,0,0
Monroeville Ward 5 Dist 3,,,Weinstein,0,0,0,0,0,0,0,0,0,0,0,0,0,0,0,0,0
Monroeville Ward 5 Dist 4,,,Weinstein,0,0,0,0,0,0,0,0,0,0,0,0,0,0,0,0,0
Monroeville Ward 6 Dist 1,,,Weinstein,0,0,0,0,0,0,0,0,0,0,0,0,0,0,0,0,0
Monroeville Ward 6 Dist 2,,,Weinstein,0,0,0,0,0,0,0,0,0,0,0,0,0,0,0,0,0
Monroeville Ward 6 Dist 3,,,Weinstein,0,0,0,0,0,0,0,0,0,0,0,0,0,0,0,0,0
Monroeville Ward 6 Dist 4,,,Weinstein,0,0,0,0,0,0,0,0,0,0,0,0,0,0,0,0,0
Monroeville Ward 7 Dist 1,,,Weinstein,0,0,0,0,0,0,0,0,0,0,0,0,0,0,0,0,0
Monroeville Ward 7 Dist 2,,,Weinstein,0,0,0,0,0,0,0,0,0,0,0,0,0,0,0,0,0
Monroeville Ward 7 Dist 3,,,Weinstein,0,0,0,0,0,0,0,0,0,0,0,0,0,0,0,0,0
Moon Dist 1,,,Weinstein,0,0,0,0,0,0,0,0,0,0,0,0,0,0,0,0,0
Moon Dist 2,,,Weinstein,0,0,0,0,0,0,0,0,0,0,0,0,0,0,0,0,0
Moon Dist 3,,,Weinstein,0,0,0,0,0,0,0,0,0,0,0,0,0,0,0,0,0
Moon Dist 4,,,Weinstein,0,0,0,0,0,0,0,0,0,0,0,0,0,0,0,0,0
Moon Dist 5,,,Weinstein,0,0,0,0,0,0,0,0,0,0,0,0,0,0,0,0,0
Moon Dist 6,,,Weinstein,0,0,0,0,0,0,0,0,0,0,0,0,0,0,0,0,0
Moon Dist 7,,,Weinstein,0,0,0,0,0,0,0,0,0,0,0,0,0,0,0,0,0
Moon Dist 8,,,Weinstein,0,0,0,0,0,0,0,0,0,0,0,0,0,0,0,0,0
Moon Dist 9,,,Weinstein,0,0,0,0,0,0,0,0,0,0,0,0,0,0,0,0,0
Moon Dist 10,,,Weinstein,0,0,0,0,0,0,0,0,0,0,0,0,0,0,0,0,0
Moon Dist 11,,,Weinstein,0,0,0,0,0,0,0,0,0,0,0,0,0,0,0,0,0
Moon Dist 12,,,Weinstein,0,0,0,0,0,0,0,0,0,0,0,0,0,0,0,0,0
Moon Dist 13,,,Weinstein,0,0,0,0,0,0,0,0,0,0,0,0,0,0,0,0,0
Mt Lebanon Ward 1 Dist 1,,,Weinstein,0,0,0,0,0,0,0,0,0,0,0,0,0,0,0,0,0
Mt Lebanon Ward 1 Dist 2,,,Weinstein,0,0,0,0,0,0,0,0,0,0,0,0,0,0,0,0,0
Mt Lebanon Ward 1 Dist 3,,,Weinstein,0,0,0,0,0,0,0,0,0,0,0,0,0,0,0,0,0
Mt Lebanon Ward 1 Dist 4,,,Weinstein,0,0,0,0,0,0,0,0,0,0,0,0,0,0,0,0,0
Mt Lebanon Ward 1 Dist 5,,,Weinstein,0,0,0,0,0,0,0,0,0,0,0,0,0,0,0,0,0
Mt Lebanon Ward 1 Dist 6,,,Weinstein,0,0,0,0,0,0,0,0,0,0,0,0,0,0,0,0,0
Mt Lebanon Ward 1 Dist 7,,,Weinstein,0,0,0,0,0,0,0,0,0,0,0,0,0,0,0,0,0
Mt Lebanon Ward 2 Dist 1,,,Weinstein,0,0,0,0,0,0,0,0,0,0,0,0,0,0,0,0,0
Mt Lebanon Ward 2 Dist 2,,,Weinstein,0,0,0,0,0,0,0,0,0,0,0,0,0,0,0,0,0
Mt Lebanon Ward 2 Dist 3,,,Weinstein,0,0,0,0,0,0,0,0,0,0,0,0,0,0,0,0,0
Mt Lebanon Ward 2 Dist 4,,,Weinstein,0,0,0,0,0,0,0,0,0,0,0,0,0,0,0,0,0
Mt Lebanon Ward 2 Dist 5,,,Weinstein,0,0,0,0,0,0,0,0,0,0,0,0,0,0,0,0,0
Mt Lebanon Ward 2 Dist 6,,,Weinstein,0,0,0,0,0,0,0,0,0,0,0,0,0,0,0,0,0
Mt Lebanon Ward 2 Dist 7,,,Weinstein,0,0,0,0,0,0,0,0,0,0,0,0,0,0,0,0,0
Mt Lebanon Ward 2 Dist 8,,,Weinstein,0,0,0,0,0,0,0,0,0,0,0,0,0,0,0,0,0
Mt Lebanon Ward 3 Dist 1,,,Weinstein,0,0,0,0,0,0,0,0,0,0,0,0,0,0,0,0,0
Mt Lebanon Ward 3 Dist 2,,,Weinstein,0,0,0,0,0,0,0,0,0,0,0,0,0,0,0,0,0
Mt Lebanon Ward 3 Dist 3,,,Weinstein,0,0,0,0,0,0,0,0,0,0,0,0,0,0,0,0,0
Mt Lebanon Ward 3 Dist 4,,,Weinstein,0,0,0,0,0,0,0,0,0,0,0,0,0,0,0,0,0
Mt Lebanon Ward 3 Dist 5,,,Weinstein,0,0,0,0,0,0,0,0,0,0,0,0,0,0,0,0,0
Mt Lebanon Ward 3 Dist 6,,,Weinstein,0,0,0,0,0,0,0,0,0,0,0,0,0,0,0,0,0
Mt Lebanon Ward 3 Dist 7,,,Weinstein,0,0,0,0,0,0,0,0,0,0,0,0,0,0,0,0,0
Mt Lebanon Ward 3 Dist 8,,,Weinstein,0,0,0,0,0,0,0,0,0,0,0,0,0,0,0,0,0
Mt Lebanon Ward 4 Dist 1,,,Weinstein,0,0,0,0,0,0,0,0,0,0,0,0,0,0,0,0,0
Mt Lebanon Ward 4 Dist 2,,,Weinstein,0,0,0,0,0,0,0,0,0,0,0,0,0,0,0,0,0
Mt Lebanon Ward 4 Dist 3,,,Weinstein,0,0,0,0,0,0,0,0,0,0,0,0,0,0,0,0,0
Mt Lebanon Ward 4 Dist 4,,,Weinstein,0,0,0,0,0,0,0,0,0,0,0,0,0,0,0,0,0
Mt Lebanon Ward 4 Dist 5,,,Weinstein,0,0,0,0,0,0,0,0,0,0,0,0,0,0,0,0,0
Mt Lebanon Ward 4 Dist 6,,,Weinstein,0,0,0,0,0,0,0,0,0,0,0,0,0,0,0,0,0
Mt Lebanon Ward 4 Dist 7,,,Weinstein,0,0,0,0,0,0,0,0,0,0,0,0,0,0,0,0,0
Mt Lebanon Ward 5 Dist 1,,,Weinstein,0,0,0,0,0,0,0,0,0,0,0,0,0,0,0,0,0
Mt Lebanon Ward 5 Dist 2,,,Weinstein,0,0,0,0,0,0,0,0,0,0,0,0,0,0,0,0,0
Mt Lebanon Ward 5 Dist 3,,,Weinstein,0,0,0,0,0,0,0,0,0,0,0,0,0,0,0,0,0
Mt Lebanon Ward 5 Dist 4,,,Weinstein,0,0,0,0,0,0,0,0,0,0,0,0,0,0,0,0,0
Mt Lebanon Ward 5 Dist 5,,,Weinstein,0,0,0,0,0,0,0,0,0,0,0,0,0,0,0,0,0
Mt Lebanon Ward 5 Dist 6,,,Weinstein,0,0,0,0,0,0,0,0,0,0,0,0,0,0,0,0,0
Mt Lebanon Ward 5 Dist 7,,,Weinstein,0,0,0,0,0,0,0,0,0,0,0,0,0,0,0,0,0
Mt Lebanon Ward 5 Dist 8,,,Weinstein,0,0,0,0,0,0,0,0,0,0,0,0,0,0,0,0,0
Mt Oliver Dist 1,,,Weinstein,0,0,0,0,0,0,0,0,0,0,0,0,0,0,0,0,0
Mt Oliver Dist 2,,,Weinstein,0,0,0,0,0,0,0,0,0,0,0,0,0,0,0,0,0
Mt Oliver Dist 3,,,Weinstein,0,0,0,0,0,0,0,0,0,0,0,0,0,0,0,0,0
Mt Oliver Dist 4,,,Weinstein,0,0,0,0,0,0,0,0,0,0,0,0,0,0,0,0,0
Munhall Dist 1,,,Weinstein,0,0,0,0,0,0,0,0,0,0,0,0,0,0,0,0,0
Munhall Dist 2,,,Weinstein,0,0,0,0,0,0,0,0,0,0,0,0,0,0,0,0,0
Munhall Dist 3,,,Weinstein,0,0,0,0,0,0,0,0,0,0,0,0,0,0,0,0,0
Munhall Dist 4,,,Weinstein,0,0,0,0,0,0,0,0,0,0,0,0,0,0,0,0,0
Munhall Dist 5,,,Weinstein,0,0,0,0,0,0,0,0,0,0,0,0,0,0,0,0,0
Munhall Dist 6,,,Weinstein,0,0,0,0,0,0,0,0,0,0,0,0,0,0,0,0,0
Munhall Dist 7,,,Weinstein,0,0,0,0,0,0,0,0,0,0,0,0,0,0,0,0,0
Munhall Dist 8,,,Weinstein,0,0,0,0,0,0,0,0,0,0,0,0,0,0,0,0,0
Munhall Dist 9,,,Weinstein,0,0,0,0,0,0,0,0,0,0,0,0,0,0,0,0,0
Munhall Dist 10,,,Weinstein,0,0,0,0,0,0,0,0,0,0,0,0,0,0,0,0,0
Munhall Dist 11,,,Weinstein,0,0,0,0,0,0,0,0,0,0,0,0,0,0,0,0,0
Munhall Dist 12,,,Weinstein,0,0,0,0,0,0,0,0,0,0,0,0,0,0,0,0,0
Neville Ward 1,,,Weinstein,0,0,0,0,0,0,0,0,0,0,0,0,0,0,0,0,0
Neville Ward 2,,,Weinstein,0,0,0,0,0,0,0,0,0,0,0,0,0,0,0,0,0
Neville Ward 3,,,Weinstein,0,0,0,0,0,0,0,0,0,0,0,0,0,0,0,0,0
N Braddock Ward 1 Dist 1,,,Weinstein,0,0,0,0,0,0,0,0,0,0,0,0,0,0,0,0,0
N Braddock Ward 1 Dist 2,,,Weinstein,0,0,0,0,0,0,0,0,0,0,0,0,0,0,0,0,0
N Braddock Ward 1 Dist 3,,,Weinstein,0,0,0,0,0,0,0,0,0,0,0,0,0,0,0,0,0
N Braddock Ward 2 Dist 1,,,Weinstein,0,0,0,0,0,0,0,0,0,0,0,0,0,0,0,0,0
N Braddock Ward 2 Dist 2,,,Weinstein,0,0,0,0,0,0,0,0,0,0,0,0,0,0,0,0,0
N Braddock Ward 3 Dist 1,,,Weinstein,0,0,0,0,0,0,0,0,0,0,0,0,0,0,0,0,0
N Braddock Ward 3 Dist 2,,,Weinstein,0,0,0,0,0,0,0,0,0,0,0,0,0,0,0,0,0
N Fayette Dist 1,,,Weinstein,0,0,0,0,0,0,0,0,0,0,0,0,0,0,0,0,0
N Fayette Dist 2,,,Weinstein,0,0,0,0,0,0,0,0,0,0,0,0,0,0,0,0,0
N Fayette Dist 3,,,Weinstein,0,0,0,0,0,0,0,0,0,0,0,0,0,0,0,0,0
N Fayette Dist 4,,,Weinstein,0,0,0,0,0,0,0,0,0,0,0,0,0,0,0,0,0
N Fayette Dist 5,,,Weinstein,0,0,0,0,0,0,0,0,0,0,0,0,0,0,0,0,0
N Versailles Ward 1 Dist 1,,,Weinstein,0,0,0,0,0,0,0,0,0,0,0,0,0,0,0,0,0
N Versailles Ward 1 Dist 2,,,Weinstein,0,0,0,0,0,0,0,0,0,0,0,0,0,0,0,0,0
N Versailles Ward 2 Dist 1,,,Weinstein,0,0,0,0,0,0,0,0,0,0,0,0,0,0,0,0,0
N Versailles Ward 2 Dist 2,,,Weinstein,0,0,0,0,0,0,0,0,0,0,0,0,0,0,0,0,0
N Versailles Ward 3 Dist 1,,,Weinstein,0,0,0,0,0,0,0,0,0,0,0,0,0,0,0,0,0
N Versailles Ward 3 Dist 2,,,Weinstein,0,0,0,0,0,0,0,0,0,0,0,0,0,0,0,0,0
N Versailles Ward 4 Dist 1,,,Weinstein,0,0,0,0,0,0,0,0,0,0,0,0,0,0,0,0,0
N Versailles Ward 4 Dist 2,,,Weinstein,0,0,0,0,0,0,0,0,0,0,0,0,0,0,0,0,0
N Versailles Ward 5 Dist 1,,,Weinstein,0,0,0,0,0,0,0,0,0,0,0,0,0,0,0,0,0
N Versailles Ward 5 Dist 2,,,Weinstein,0,0,0,0,0,0,0,0,0,0,0,0,0,0,0,0,0
N Versailles Ward 6 Dist 1,,,Weinstein,0,0,0,0,0,0,0,0,0,0,0,0,0,0,0,0,0
N Versailles Ward 6 Dist 2,,,Weinstein,0,0,0,0,0,0,0,0,0,0,0,0,0,0,0,0,0
N Versailles Ward 7,,,Weinstein,0,0,0,0,0,0,0,0,0,0,0,0,0,0,0,0,0
Oakdale Dist 1,,,Weinstein,0,0,0,0,0,0,0,0,0,0,0,0,0,0,0,0,0
Oakdale Dist 2,,,Weinstein,0,0,0,0,0,0,0,0,0,0,0,0,0,0,0,0,0
Oakmont Dist 1,,,Weinstein,0,0,0,0,0,0,0,0,0,0,0,0,0,0,0,0,0
Oakmont Dist 2,,,Weinstein,0,0,0,0,0,0,0,0,0,0,0,0,0,0,0,0,0
Oakmont Dist 3,,,Weinstein,0,0,0,0,0,0,0,0,0,0,0,0,0,0,0,0,0
Oakmont Dist 4,,,Weinstein,0,0,0,0,0,0,0,0,0,0,0,0,0,0,0,0,0
Oakmont Dist 5,,,Weinstein,0,0,0,0,0,0,0,0,0,0,0,0,0,0,0,0,0
Oakmont Dist 6,,,Weinstein,0,0,0,0,0,0,0,0,0,0,0,0,0,0,0,0,0
O'Hara Ward 1 Dist 1,,,Weinstein,0,0,0,0,0,0,0,0,0,0,0,0,0,0,0,0,0
O'Hara Ward 1 Dist 2,,,Weinstein,0,0,0,0,0,0,0,0,0,0,0,0,0,0,0,0,0
O'Hara Ward 2 Dist 1,,,Weinstein,0,0,0,0,0,0,0,0,0,0,0,0,0,0,0,0,0
O'Hara Ward 2 Dist 2,,,Weinstein,0,0,0,0,0,0,0,0,0,0,0,0,0,0,0,0,0
O'Hara Ward 3 Dist 1,,,Weinstein,0,0,0,0,0,0,0,0,0,0,0,0,0,0,0,0,0
O'Hara Ward 3 Dist 2,,,Weinstein,0,0,0,0,0,0,0,0,0,0,0,0,0,0,0,0,0
O'Hara Ward 4 Dist 1,,,Weinstein,0,0,0,0,0,0,0,0,0,0,0,0,0,0,0,0,0
O'Hara Ward 4 Dist 2,,,Weinstein,0,0,0,0,0,0,0,0,0,0,0,0,0,0,0,0,0
O'Hara Ward 5 Dist 1,,,Weinstein,0,0,0,0,0,0,0,0,0,0,0,0,0,0,0,0,0
O'Hara Ward 5 Dist 2,,,Weinstein,0,0,0,0,0,0,0,0,0,0,0,0,0,0,0,0,0
Ohio Dist 1,,,Weinstein,0,0,0,0,0,0,0,0,0,0,0,0,0,0,0,0,0
Ohio Dist 2,,,Weinstein,0,0,0,0,0,0,0,0,0,0,0,0,0,0,0,0,0
Ohio Dist 3,,,Weinstein,0,0,0,0,0,0,0,0,0,0,0,0,0,0,0,0,0
Glen Osborne,,,Weinstein,0,0,0,0,0,0,0,0,0,0,0,0,0,0,0,0,0
Penn Hills Ward 1 Dist 1,,,Weinstein,0,0,0,0,0,0,0,0,0,0,0,0,0,0,0,0,0
Penn Hills Ward 1 Dist 2,,,Weinstein,0,0,0,0,0,0,0,0,0,0,0,0,0,0,0,0,0
Penn Hills Ward 1 Dist 3,,,Weinstein,0,0,0,0,0,0,0,0,0,0,0,0,0,0,0,0,0
Penn Hills Ward 1 Dist 4,,,Weinstein,0,0,0,0,0,0,0,0,0,0,0,0,0,0,0,0,0
Penn Hills Ward 1 Dist 5,,,Weinstein,0,0,0,0,0,0,0,0,0,0,0,0,0,0,0,0,0
Penn Hills Ward 2 Dist 1,,,Weinstein,0,0,0,0,0,0,0,0,0,0,0,0,0,0,0,0,0
Penn Hills Ward 2 Dist 2,,,Weinstein,0,0,0,0,0,0,0,0,0,0,0,0,0,0,0,0,0
Penn Hills Ward 2 Dist 3,,,Weinstein,0,0,0,0,0,0,0,0,0,0,0,0,0,0,0,0,0
Penn Hills Ward 2 Dist 4,,,Weinstein,0,0,0,0,0,0,0,0,0,0,0,0,0,0,0,0,0
Penn Hills Ward 3 Dist 1,,,Weinstein,0,0,0,0,0,0,0,0,0,0,0,0,0,0,0,0,0
Penn Hills Ward 3 Dist 2,,,Weinstein,0,0,0,0,0,0,0,0,0,0,0,0,0,0,0,0,0
Penn Hills Ward 3 Dist 3,,,Weinstein,0,0,0,0,0,0,0,0,0,0,0,0,0,0,0,0,0
Penn Hills Ward 3 Dist 4,,,Weinstein,0,0,0,0,0,0,0,0,0,0,0,0,0,0,0,0,0
Penn Hills Ward 3 Dist 5,,,Weinstein,0,0,0,0,0,0,0,0,0,0,0,0,0,0,0,0,0
Penn Hills Ward 3 Dist 6,,,Weinstein,0,0,0,0,0,0,0,0,0,0,0,0,0,0,0,0,0
Penn Hills Ward 4 Dist 1,,,Weinstein,0,0,0,0,0,0,0,0,0,0,0,0,0,0,0,0,0
Penn Hills Ward 4 Dist 2,,,Weinstein,0,0,0,0,0,0,0,0,0,0,0,0,0,0,0,0,0
Penn Hills Ward 4 Dist 3,,,Weinstein,0,0,0,0,0,0,0,0,0,0,0,0,0,0,0,0,0
Penn Hills Ward 4 Dist 4,,,Weinstein,0,0,0,0,0,0,0,0,0,0,0,0,0,0,0,0,0
Penn Hills Ward 4 Dist 5,,,Weinstein,0,0,0,0,0,0,0,0,0,0,0,0,0,0,0,0,0
Penn Hills Ward 5 Dist 1,,,Weinstein,0,0,0,0,0,0,0,0,0,0,0,0,0,0,0,0,0
Penn Hills Ward 5 Dist 2,,,Weinstein,0,0,0,0,0,0,0,0,0,0,0,0,0,0,0,0,0
Penn Hills Ward 5 Dist 3,,,Weinstein,0,0,0,0,0,0,0,0,0,0,0,0,0,0,0,0,0
Penn Hills Ward 5 Dist 4,,,Weinstein,0,0,0,0,0,0,0,0,0,0,0,0,0,0,0,0,0
Penn Hills Ward 5 Dist 5,,,Weinstein,0,0,0,0,0,0,0,0,0,0,0,0,0,0,0,0,0
Penn Hills Ward 5 Dist 6,,,Weinstein,0,0,0,0,0,0,0,0,0,0,0,0,0,0,0,0,0
Penn Hills Ward 6 Dist 1,,,Weinstein,0,0,0,0,0,0,0,0,0,0,0,0,0,0,0,0,0
Penn Hills Ward 6 Dist 2,,,Weinstein,0,0,0,0,0,0,0,0,0,0,0,0,0,0,0,0,0
Penn Hills Ward 6 Dist 3,,,Weinstein,0,0,0,0,0,0,0,0,0,0,0,0,0,0,0,0,0
Penn Hills Ward 6 Dist 4,,,Weinstein,0,0,0,0,0,0,0,0,0,0,0,0,0,0,0,0,0
Penn Hills Ward 6 Dist 5,,,Weinstein,0,0,0,0,0,0,0,0,0,0,0,0,0,0,0,0,0
Penn Hills Ward 6 Dist 6,,,Weinstein,0,0,0,0,0,0,0,0,0,0,0,0,0,0,0,0,0
Penn Hills Ward 7 Dist 1,,,Weinstein,0,0,0,0,0,0,0,0,0,0,0,0,0,0,0,0,0
Penn Hills Ward 7 Dist 2,,,Weinstein,0,0,0,0,0,0,0,0,0,0,0,0,0,0,0,0,0
Penn Hills Ward 7 Dist 3,,,Weinstein,0,0,0,0,0,0,0,0,0,0,0,0,0,0,0,0,0
Penn Hills Ward 7 Dist 4,,,Weinstein,0,0,0,0,0,0,0,0,0,0,0,0,0,0,0,0,0
Penn Hills Ward 7 Dist 5,,,Weinstein,0,0,0,0,0,0,0,0,0,0,0,0,0,0,0,0,0
Penn Hills Ward 7 Dist 6,,,Weinstein,0,0,0,0,0,0,0,0,0,0,0,0,0,0,0,0,0
Penn Hills Ward 7 Dist 7,,,Weinstein,0,0,0,0,0,0,0,0,0,0,0,0,0,0,0,0,0
Penn Hills Ward 8 Dist 1,,,Weinstein,0,0,0,0,0,0,0,0,0,0,0,0,0,0,0,0,0
Penn Hills Ward 8 Dist 2,,,Weinstein,0,0,0,0,0,0,0,0,0,0,0,0,0,0,0,0,0
Penn Hills Ward 8 Dist 3,,,Weinstein,0,0,0,0,0,0,0,0,0,0,0,0,0,0,0,0,0
Penn Hills Ward 8 Dist 4,,,Weinstein,0,0,0,0,0,0,0,0,0,0,0,0,0,0,0,0,0
Penn Hills Ward 8 Dist 5,,,Weinstein,0,0,0,0,0,0,0,0,0,0,0,0,0,0,0,0,0
Penn Hills Ward 8 Dist 6,,,Weinstein,0,0,0,0,0,0,0,0,0,0,0,0,0,0,0,0,0
Penn Hills Ward 9 Dist 1,,,Weinstein,0,0,0,0,0,0,0,0,0,0,0,0,0,0,0,0,0
Penn Hills Ward 9 Dist 2,,,Weinstein,0,0,0,0,0,0,0,0,0,0,0,0,0,0,0,0,0
Penn Hills Ward 9 Dist 3,,,Weinstein,0,0,0,0,0,0,0,0,0,0,0,0,0,0,0,0,0
Penn Hills Ward 9 Dist 4,,,Weinstein,0,0,0,0,0,0,0,0,0,0,0,0,0,0,0,0,0
Penn Hills Ward 9 Dist 5,,,Weinstein,0,0,0,0,0,0,0,0,0,0,0,0,0,0,0,0,0
Pine Dist 1,,,Weinstein,0,0,0,0,0,0,0,0,0,0,0,0,0,0,0,0,0
Pine Dist 2,,,Weinstein,0,0,0,0,0,0,0,0,0,0,0,0,0,0,0,0,0
Pine Dist 3,,,Weinstein,0,0,0,0,0,0,0,0,0,0,0,0,0,0,0,0,0
Pine Dist 4,,,Weinstein,0,0,0,0,0,0,0,0,0,0,0,0,0,0,0,0,0
Pine Dist 5,,,Weinstein,0,0,0,0,0,0,0,0,0,0,0,0,0,0,0,0,0
Pine Dist 6,,,Weinstein,0,0,0,0,0,0,0,0,0,0,0,0,0,0,0,0,0
Pine Dist 7,,,Weinstein,0,0,0,0,0,0,0,0,0,0,0,0,0,0,0,0,0
Pine Dist 8,,,Weinstein,0,0,0,0,0,0,0,0,0,0,0,0,0,0,0,0,0
Pitcairn Dist 1,,,Weinstein,0,0,0,0,0,0,0,0,0,0,0,0,0,0,0,0,0
Pitcairn Dist 2,,,Weinstein,0,0,0,0,0,0,0,0,0,0,0,0,0,0,0,0,0
Pitcairn Dist 3,,,Weinstein,0,0,0,0,0,0,0,0,0,0,0,0,0,0,0,0,0
Pittsburgh Ward 1 Dist 1,,,Weinstein,0,0,0,0,0,0,0,0,0,0,0,0,0,0,0,0,0
Pittsburgh Ward 1 Dist 2,,,Weinstein,0,0,0,0,0,0,0,0,0,0,0,0,0,0,0,0,0
Pittsburgh Ward 2 Dist 1,,,Weinstein,0,0,0,0,0,0,0,0,0,0,0,0,0,0,0,0,0
Pittsburgh Ward 2 Dist 2,,,Weinstein,0,0,0,0,0,0,0,0,0,0,0,0,0,0,0,0,0
Pittsburgh Ward 3 Dist 1,,,Weinstein,0,0,0,0,0,0,0,0,0,0,0,0,0,0,0,0,0
Pittsburgh Ward 3 Dist 2,,,Weinstein,0,0,0,0,0,0,0,0,0,0,0,0,0,0,0,0,0
Pittsburgh Ward 3 Dist 3,,,Weinstein,0,0,0,0,0,0,0,0,0,0,0,0,0,0,0,0,0
Pittsburgh Ward 3 Dist 4,,,Weinstein,0,0,0,0,0,0,0,0,0,0,0,0,0,0,0,0,0
Pittsburgh Ward 3 Dist 5,,,Weinstein,0,0,0,0,0,0,0,0,0,0,0,0,0,0,0,0,0
Pittsburgh Ward 4 Dist 1,,,Weinstein,0,0,0,0,0,0,0,0,0,0,0,0,0,0,0,0,0
Pittsburgh Ward 4 Dist 2,,,Weinstein,0,0,0,0,0,0,0,0,0,0,0,0,0,0,0,0,0
Pittsburgh Ward 4 Dist 3,,,Weinstein,0,0,0,0,0,0,0,0,0,0,0,0,0,0,0,0,0
Pittsburgh Ward 4 Dist 4,,,Weinstein,0,0,0,0,0,0,0,0,0,0,0,0,0,0,0,0,0
Pittsburgh Ward 4 Dist 5,,,Weinstein,0,0,0,0,0,0,0,0,0,0,0,0,0,0,0,0,0
Pittsburgh Ward 4 Dist 6,,,Weinstein,0,0,0,0,0,0,0,0,0,0,0,0,0,0,0,0,0
Pittsburgh Ward 4 Dist 7,,,Weinstein,0,0,0,0,0,0,0,0,0,0,0,0,0,0,0,0,0
Pittsburgh Ward 4 Dist 8,,,Weinstein,0,0,0,0,0,0,0,0,0,0,0,0,0,0,0,0,0
Pittsburgh Ward 4 Dist 9,,,Weinstein,0,0,0,0,0,0,0,0,0,0,0,0,0,0,0,0,0
Pittsburgh Ward 4 Dist 10,,,Weinstein,0,0,0,0,0,0,0,0,0,0,0,0,0,0,0,0,0
Pittsburgh Ward 4 Dist 11,,,Weinstein,0,0,0,0,0,0,0,0,0,0,0,0,0,0,0,0,0
Pittsburgh Ward 4 Dist 12,,,Weinstein,0,0,0,0,0,0,0,0,0,0,0,0,0,0,0,0,0
Pittsburgh Ward 4 Dist 13,,,Weinstein,0,0,0,0,0,0,0,0,0,0,0,0,0,0,0,0,0
Pittsburgh Ward 4 Dist 14,,,Weinstein,0,0,0,0,0,0,0,0,0,0,0,0,0,0,0,0,0
Pittsburgh Ward 4 Dist 15,,,Weinstein,0,0,0,0,0,0,0,0,0,0,0,0,0,0,0,0,0
Pittsburgh Ward 4 Dist 16,,,Weinstein,0,0,0,0,0,0,0,0,0,0,0,0,0,0,0,0,0
Pittsburgh Ward 4 Dist 17,,,Weinstein,0,0,0,0,0,0,0,0,0,0,0,0,0,0,0,0,0
Pittsburgh Ward 4 Dist 18,,,Weinstein,0,0,0,0,0,0,0,0,0,0,0,0,0,0,0,0,0
Pittsburgh Ward 4 Dist 19,,,Weinstein,0,0,0,0,0,0,0,0,0,0,0,0,0,0,0,0,0
Pittsburgh Ward 5 Dist 1,,,Weinstein,0,0,0,0,0,0,0,0,0,0,0,0,0,0,0,0,0
Pittsburgh Ward 5 Dist 2,,,Weinstein,0,0,0,0,0,0,0,0,0,0,0,0,0,0,0,0,0
Pittsburgh Ward 5 Dist 3,,,Weinstein,0,0,0,0,0,0,0,0,0,0,0,0,0,0,0,0,0
Pittsburgh Ward 5 Dist 4,,,Weinstein,0,0,0,0,0,0,0,0,0,0,0,0,0,0,0,0,0
Pittsburgh Ward 5 Dist 5,,,Weinstein,0,0,0,0,0,0,0,0,0,0,0,0,0,0,0,0,0
Pittsburgh Ward 5 Dist 6,,,Weinstein,0,0,0,0,0,0,0,0,0,0,0,0,0,0,0,0,0
Pittsburgh Ward 5 Dist 7,,,Weinstein,0,0,0,0,0,0,0,0,0,0,0,0,0,0,0,0,0
Pittsburgh Ward 5 Dist 8,,,Weinstein,0,0,0,0,0,0,0,0,0,0,0,0,0,0,0,0,0
Pittsburgh Ward 5 Dist 9,,,Weinstein,0,0,0,0,0,0,0,0,0,0,0,0,0,0,0,0,0
Pittsburgh Ward 5 Dist 10,,,Weinstein,0,0,0,0,0,0,0,0,0,0,0,0,0,0,0,0,0
Pittsburgh Ward 5 Dist 11,,,Weinstein,0,0,0,0,0,0,0,0,0,0,0,0,0,0,0,0,0
Pittsburgh Ward 5 Dist 12,,,Weinstein,0,0,0,0,0,0,0,0,0,0,0,0,0,0,0,0,0
Pittsburgh Ward 5 Dist 13,,,Weinstein,0,0,0,0,0,0,0,0,0,0,0,0,0,0,0,0,0
Pittsburgh Ward 5 Dist 14,,,Weinstein,0,0,0,0,0,0,0,0,0,0,0,0,0,0,0,0,0
Pittsburgh Ward 5 Dist 15,,,Weinstein,0,0,0,0,0,0,0,0,0,0,0,0,0,0,0,0,0
Pittsburgh Ward 5 Dist 16,,,Weinstein,0,0,0,0,0,0,0,0,0,0,0,0,0,0,0,0,0
Pittsburgh Ward 5 Dist 17,,,Weinstein,0,0,0,0,0,0,0,0,0,0,0,0,0,0,0,0,0
Pittsburgh Ward 5 Dist 18,,,Weinstein,0,0,0,0,0,0,0,0,0,0,0,0,0,0,0,0,0
Pittsburgh Ward 6 Dist 1,,,Weinstein,0,0,0,0,0,0,0,0,0,0,0,0,0,0,0,0,0
Pittsburgh Ward 6 Dist 2,,,Weinstein,0,0,0,0,0,0,0,0,0,0,0,0,0,0,0,0,0
Pittsburgh Ward 6 Dist 3,,,Weinstein,0,0,0,0,0,0,0,0,0,0,0,0,0,0,0,0,0
Pittsburgh Ward 6 Dist 4,,,Weinstein,0,0,0,0,0,0,0,0,0,0,0,0,0,0,0,0,0
Pittsburgh Ward 6 Dist 5,,,Weinstein,0,0,0,0,0,0,0,0,0,0,0,0,0,0,0,0,0
Pittsburgh Ward 7 Dist 1,,,Weinstein,0,0,0,0,0,0,0,0,0,0,0,0,0,0,0,0,0
Pittsburgh Ward 7 Dist 2,,,Weinstein,0,0,0,0,0,0,0,0,0,0,0,0,0,0,0,0,0
Pittsburgh Ward 7 Dist 3,,,Weinstein,0,0,0,0,0,0,0,0,0,0,0,0,0,0,0,0,0
Pittsburgh Ward 7 Dist 4,,,Weinstein,0,0,0,0,0,0,0,0,0,0,0,0,0,0,0,0,0
Pittsburgh Ward 7 Dist 5,,,Weinstein,0,0,0,0,0,0,0,0,0,0,0,0,0,0,0,0,0
Pittsburgh Ward 7 Dist 6,,,Weinstein,0,0,0,0,0,0,0,0,0,0,0,0,0,0,0,0,0
Pittsburgh Ward 7 Dist 7,,,Weinstein,0,0,0,0,0,0,0,0,0,0,0,0,0,0,0,0,0
Pittsburgh Ward 7 Dist 8,,,Weinstein,0,0,0,0,0,0,0,0,0,0,0,0,0,0,0,0,0
Pittsburgh Ward 7 Dist 9,,,Weinstein,0,0,0,0,0,0,0,0,0,0,0,0,0,0,0,0,0
Pittsburgh Ward 7 Dist 10,,,Weinstein,0,0,0,0,0,0,0,0,0,0,0,0,0,0,0,0,0
Pittsburgh Ward 7 Dist 11,,,Weinstein,0,0,0,0,0,0,0,0,0,0,0,0,0,0,0,0,0
Pittsburgh Ward 7 Dist 12,,,Weinstein,0,0,0,0,0,0,0,0,0,0,0,0,0,0,0,0,0
Pittsburgh Ward 7 Dist 13,,,Weinstein,0,0,0,0,0,0,0,0,0,0,0,0,0,0,0,0,0
Pittsburgh Ward 7 Dist 14,,,Weinstein,0,0,0,0,0,0,0,0,0,0,0,0,0,0,0,0,0
Pittsburgh Ward 8 Dist 1,,,Weinstein,0,0,0,0,0,0,0,0,0,0,0,0,0,0,0,0,0
Pittsburgh Ward 8 Dist 2,,,Weinstein,0,0,0,0,0,0,0,0,0,0,0,0,0,0,0,0,0
Pittsburgh Ward 8 Dist 3,,,Weinstein,0,0,0,0,0,0,0,0,0,0,0,0,0,0,0,0,0
Pittsburgh Ward 8 Dist 4,,,Weinstein,0,0,0,0,0,0,0,0,0,0,0,0,0,0,0,0,0
Pittsburgh Ward 8 Dist 5,,,Weinstein,0,0,0,0,0,0,0,0,0,0,0,0,0,0,0,0,0
Pittsburgh Ward 8 Dist 6,,,Weinstein,0,0,0,0,0,0,0,0,0,0,0,0,0,0,0,0,0
Pittsburgh Ward 8 Dist 7,,,Weinstein,0,0,0,0,0,0,0,0,0,0,0,0,0,0,0,0,0
Pittsburgh Ward 8 Dist 8,,,Weinstein,0,0,0,0,0,0,0,0,0,0,0,0,0,0,0,0,0
Pittsburgh Ward 8 Dist 9,,,Weinstein,0,0,0,0,0,0,0,0,0,0,0,0,0,0,0,0,0
Pittsburgh Ward 8 Dist 10,,,Weinstein,0,0,0,0,0,0,0,0,0,0,0,0,0,0,0,0,0
Pittsburgh Ward 8 Dist 11,,,Weinstein,0,0,0,0,0,0,0,0,0,0,0,0,0,0,0,0,0
Pittsburgh Ward 8 Dist 12,,,Weinstein,0,0,0,0,0,0,0,0,0,0,0,0,0,0,0,0,0
Pittsburgh Ward 8 Dist 13,,,Weinstein,0,0,0,0,0,0,0,0,0,0,0,0,0,0,0,0,0
Pittsburgh Ward 9 Dist 1,,,Weinstein,0,0,0,0,0,0,0,0,0,0,0,0,0,0,0,0,0
Pittsburgh Ward 9 Dist 2,,,Weinstein,0,0,0,0,0,0,0,0,0,0,0,0,0,0,0,0,0
Pittsburgh Ward 9 Dist 3,,,Weinstein,0,0,0,0,0,0,0,0,0,0,0,0,0,0,0,0,0
Pittsburgh Ward 9 Dist 4,,,Weinstein,0,0,0,0,0,0,0,0,0,0,0,0,0,0,0,0,0
Pittsburgh Ward 9 Dist 5,,,Weinstein,0,0,0,0,0,0,0,0,0,0,0,0,0,0,0,0,0
Pittsburgh Ward 9 Dist 6,,,Weinstein,0,0,0,0,0,0,0,0,0,0,0,0,0,0,0,0,0
Pittsburgh Ward 9 Dist 7,,,Weinstein,0,0,0,0,0,0,0,0,0,0,0,0,0,0,0,0,0
Pittsburgh Ward 9 Dist 8,,,Weinstein,0,0,0,0,0,0,0,0,0,0,0,0,0,0,0,0,0
Pittsburgh Ward 9 Dist 9,,,Weinstein,0,0,0,0,0,0,0,0,0,0,0,0,0,0,0,0,0
Pittsburgh Ward 10 Dist 1,,,Weinstein,0,0,0,0,0,0,0,0,0,0,0,0,0,0,0,0,0
Pittsburgh Ward 10 Dist 2,,,Weinstein,0,0,0,0,0,0,0,0,0,0,0,0,0,0,0,0,0
Pittsburgh Ward 10 Dist 3,,,Weinstein,0,0,0,0,0,0,0,0,0,0,0,0,0,0,0,0,0
Pittsburgh Ward 10 Dist 4,,,Weinstein,0,0,0,0,0,0,0,0,0,0,0,0,0,0,0,0,0
Pittsburgh Ward 10 Dist 5,,,Weinstein,0,0,0,0,0,0,0,0,0,0,0,0,0,0,0,0,0
Pittsburgh Ward 10 Dist 6,,,Weinstein,0,0,0,0,0,0,0,0,0,0,0,0,0,0,0,0,0
Pittsburgh Ward 10 Dist 7,,,Weinstein,0,0,0,0,0,0,0,0,0,0,0,0,0,0,0,0,0
Pittsburgh Ward 10 Dist 8,,,Weinstein,0,0,0,0,0,0,0,0,0,0,0,0,0,0,0,0,0
Pittsburgh Ward 10 Dist 9,,,Weinstein,0,0,0,0,0,0,0,0,0,0,0,0,0,0,0,0,0
Pittsburgh Ward 10 Dist 10,,,Weinstein,0,0,0,0,0,0,0,0,0,0,0,0,0,0,0,0,0
Pittsburgh Ward 10 Dist 11,,,Weinstein,0,0,0,0,0,0,0,0,0,0,0,0,0,0,0,0,0
Pittsburgh Ward 10 Dist 12,,,Weinstein,0,0,0,0,0,0,0,0,0,0,0,0,0,0,0,0,0
Pittsburgh Ward 10 Dist 13,,,Weinstein,0,0,0,0,0,0,0,0,0,0,0,0,0,0,0,0,0
Pittsburgh Ward 10 Dist 14,,,Weinstein,0,0,0,0,0,0,0,0,0,0,0,0,0,0,0,0,0
Pittsburgh Ward 10 Dist 15,,,Weinstein,0,0,0,0,0,0,0,0,0,0,0,0,0,0,0,0,0
Pittsburgh Ward 10 Dist 16,,,Weinstein,0,0,0,0,0,0,0,0,0,0,0,0,0,0,0,0,0
Pittsburgh Ward 10 Dist 17,,,Weinstein,0,0,0,0,0,0,0,0,0,0,0,0,0,0,0,0,0
Pittsburgh Ward 10 Dist 18,,,Weinstein,0,0,0,0,0,0,0,0,0,0,0,0,0,0,0,0,0
Pittsburgh Ward 10 Dist 19,,,Weinstein,0,0,0,0,0,0,0,0,0,0,0,0,0,0,0,0,0
Pittsburgh Ward 11 Dist 1,,,Weinstein,0,0,0,0,0,0,0,0,0,0,0,0,0,0,0,0,0
Pittsburgh Ward 11 Dist 2,,,Weinstein,0,0,0,0,0,0,0,0,0,0,0,0,0,0,0,0,0
Pittsburgh Ward 11 Dist 3,,,Weinstein,0,0,0,0,0,0,0,0,0,0,0,0,0,0,0,0,0
Pittsburgh Ward 11 Dist 4,,,Weinstein,0,0,0,0,0,0,0,0,0,0,0,0,0,0,0,0,0
Pittsburgh Ward 11 Dist 5,,,Weinstein,0,0,0,0,0,0,0,0,0,0,0,0,0,0,0,0,0
Pittsburgh Ward 11 Dist 6,,,Weinstein,0,0,0,0,0,0,0,0,0,0,0,0,0,0,0,0,0
Pittsburgh Ward 11 Dist 7,,,Weinstein,0,0,0,0,0,0,0,0,0,0,0,0,0,0,0,0,0
Pittsburgh Ward 11 Dist 8,,,Weinstein,0,0,0,0,0,0,0,0,0,0,0,0,0,0,0,0,0
Pittsburgh Ward 11 Dist 9,,,Weinstein,0,0,0,0,0,0,0,0,0,0,0,0,0,0,0,0,0
Pittsburgh Ward 11 Dist 10,,,Weinstein,0,0,0,0,0,0,0,0,0,0,0,0,0,0,0,0,0
Pittsburgh Ward 11 Dist 11,,,Weinstein,0,0,0,0,0,0,0,0,0,0,0,0,0,0,0,0,0
Pittsburgh Ward 11 Dist 12,,,Weinstein,0,0,0,0,0,0,0,0,0,0,0,0,0,0,0,0,0
Pittsburgh Ward 11 Dist 13,,,Weinstein,0,0,0,0,0,0,0,0,0,0,0,0,0,0,0,0,0
Pittsburgh Ward 11 Dist 14,,,Weinstein,0,0,0,0,0,0,0,0,0,0,0,0,0,0,0,0,0
Pittsburgh Ward 11 Dist 15,,,Weinstein,0,0,0,0,0,0,0,0,0,0,0,0,0,0,0,0,0
Pittsburgh Ward 11 Dist 16,,,Weinstein,0,0,0,0,0,0,0,0,0,0,0,0,0,0,0,0,0
Pittsburgh Ward 11 Dist 17,,,Weinstein,0,0,0,0,0,0,0,0,0,0,0,0,0,0,0,0,0
Pittsburgh Ward 11 Dist 18,,,Weinstein,0,0,0,0,0,0,0,0,0,0,0,0,0,0,0,0,0
Pittsburgh Ward 12 Dist 1,,,Weinstein,0,0,0,0,0,0,0,0,0,0,0,0,0,0,0,0,0
Pittsburgh Ward 12 Dist 2,,,Weinstein,0,0,0,0,0,0,0,0,0,0,0,0,0,0,0,0,0
Pittsburgh Ward 12 Dist 3,,,Weinstein,0,0,0,0,0,0,0,0,0,0,0,0,0,0,0,0,0
Pittsburgh Ward 12 Dist 4,,,Weinstein,0,0,0,0,0,0,0,0,0,0,0,0,0,0,0,0,0
Pittsburgh Ward 12 Dist 5,,,Weinstein,0,0,0,0,0,0,0,0,0,0,0,0,0,0,0,0,0
Pittsburgh Ward 12 Dist 6,,,Weinstein,0,0,0,0,0,0,0,0,0,0,0,0,0,0,0,0,0
Pittsburgh Ward 12 Dist 7,,,Weinstein,0,0,0,0,0,0,0,0,0,0,0,0,0,0,0,0,0
Pittsburgh Ward 12 Dist 8,,,Weinstein,0,0,0,0,0,0,0,0,0,0,0,0,0,0,0,0,0
Pittsburgh Ward 12 Dist 9,,,Weinstein,0,0,0,0,0,0,0,0,0,0,0,0,0,0,0,0,0
Pittsburgh Ward 12 Dist 10,,,Weinstein,0,0,0,0,0,0,0,0,0,0,0,0,0,0,0,0,0
Pittsburgh Ward 12 Dist 11,,,Weinstein,0,0,0,0,0,0,0,0,0,0,0,0,0,0,0,0,0
Pittsburgh Ward 12 Dist 12,,,Weinstein,0,0,0,0,0,0,0,0,0,0,0,0,0,0,0,0,0
Pittsburgh Ward 12 Dist 13,,,Weinstein,0,0,0,0,0,0,0,0,0,0,0,0,0,0,0,0,0
Pittsburgh Ward 12 Dist 14,,,Weinstein,0,0,0,0,0,0,0,0,0,0,0,0,0,0,0,0,0
Pittsburgh Ward 12 Dist 15,,,Weinstein,0,0,0,0,0,0,0,0,0,0,0,0,0,0,0,0,0
Pittsburgh Ward 12 Dist 16,,,Weinstein,0,0,0,0,0,0,0,0,0,0,0,0,0,0,0,0,0
Pittsburgh Ward 13 Dist 1,,,Weinstein,0,0,0,0,0,0,0,0,0,0,0,0,0,0,0,0,0
Pittsburgh Ward 13 Dist 2,,,Weinstein,0,0,0,0,0,0,0,0,0,0,0,0,0,0,0,0,0
Pittsburgh Ward 13 Dist 3,,,Weinstein,0,0,0,0,0,0,0,0,0,0,0,0,0,0,0,0,0
Pittsburgh Ward 13 Dist 4,,,Weinstein,0,0,0,0,0,0,0,0,0,0,0,0,0,0,0,0,0
Pittsburgh Ward 13 Dist 5,,,Weinstein,0,0,0,0,0,0,0,0,0,0,0,0,0,0,0,0,0
Pittsburgh Ward 13 Dist 6,,,Weinstein,0,0,0,0,0,0,0,0,0,0,0,0,0,0,0,0,0
Pittsburgh Ward 13 Dist 7,,,Weinstein,0,0,0,0,0,0,0,0,0,0,0,0,0,0,0,0,0
Pittsburgh Ward 13 Dist 8,,,Weinstein,0,0,0,0,0,0,0,0,0,0,0,0,0,0,0,0,0
Pittsburgh Ward 13 Dist 9,,,Weinstein,0,0,0,0,0,0,0,0,0,0,0,0,0,0,0,0,0
Pittsburgh Ward 13 Dist 10,,,Weinstein,0,0,0,0,0,0,0,0,0,0,0,0,0,0,0,0,0
Pittsburgh Ward 13 Dist 11,,,Weinstein,0,0,0,0,0,0,0,0,0,0,0,0,0,0,0,0,0
Pittsburgh Ward 13 Dist 12,,,Weinstein,0,0,0,0,0,0,0,0,0,0,0,0,0,0,0,0,0
Pittsburgh Ward 13 Dist 13,,,Weinstein,0,0,0,0,0,0,0,0,0,0,0,0,0,0,0,0,0
Pittsburgh Ward 13 Dist 14,,,Weinstein,0,0,0,0,0,0,0,0,0,0,0,0,0,0,0,0,0
Pittsburgh Ward 13 Dist 15,,,Weinstein,0,0,0,0,0,0,0,0,0,0,0,0,0,0,0,0,0
Pittsburgh Ward 13 Dist 16,,,Weinstein,0,0,0,0,0,0,0,0,0,0,0,0,0,0,0,0,0
Pittsburgh Ward 13 Dist 17,,,Weinstein,0,0,0,0,0,0,0,0,0,0,0,0,0,0,0,0,0
Pittsburgh Ward 13 Dist 18,,,Weinstein,0,0,0,0,0,0,0,0,0,0,0,0,0,0,0,0,0
Pittsburgh Ward 13 Dist 19,,,Weinstein,0,0,0,0,0,0,0,0,0,0,0,0,0,0,0,0,0
Pittsburgh Ward 14 Dist 1,,,Weinstein,0,0,0,0,0,0,0,0,0,0,0,0,0,0,0,0,0
Pittsburgh Ward 14 Dist 2,,,Weinstein,0,0,0,0,0,0,0,0,0,0,0,0,0,0,0,0,0
Pittsburgh Ward 14 Dist 3,,,Weinstein,0,0,0,0,0,0,0,0,0,0,0,0,0,0,0,0,0
Pittsburgh Ward 14 Dist 4,,,Weinstein,0,0,0,0,0,0,0,0,0,0,0,0,0,0,0,0,0
Pittsburgh Ward 14 Dist 5,,,Weinstein,0,0,0,0,0,0,0,0,0,0,0,0,0,0,0,0,0
Pittsburgh Ward 14 Dist 6,,,Weinstein,0,0,0,0,0,0,0,0,0,0,0,0,0,0,0,0,0
Pittsburgh Ward 14 Dist 7,,,Weinstein,0,0,0,0,0,0,0,0,0,0,0,0,0,0,0,0,0
Pittsburgh Ward 14 Dist 8,,,Weinstein,0,0,0,0,0,0,0,0,0,0,0,0,0,0,0,0,0
Pittsburgh Ward 14 Dist 9,,,Weinstein,0,0,0,0,0,0,0,0,0,0,0,0,0,0,0,0,0
Pittsburgh Ward 14 Dist 10,,,Weinstein,0,0,0,0,0,0,0,0,0,0,0,0,0,0,0,0,0
Pittsburgh Ward 14 Dist 11,,,Weinstein,0,0,0,0,0,0,0,0,0,0,0,0,0,0,0,0,0
Pittsburgh Ward 14 Dist 12,,,Weinstein,0,0,0,0,0,0,0,0,0,0,0,0,0,0,0,0,0
Pittsburgh Ward 14 Dist 13,,,Weinstein,0,0,0,0,0,0,0,0,0,0,0,0,0,0,0,0,0
Pittsburgh Ward 14 Dist 14,,,Weinstein,0,0,0,0,0,0,0,0,0,0,0,0,0,0,0,0,0
Pittsburgh Ward 14 Dist 15,,,Weinstein,0,0,0,0,0,0,0,0,0,0,0,0,0,0,0,0,0
Pittsburgh Ward 14 Dist 16,,,Weinstein,0,0,0,0,0,0,0,0,0,0,0,0,0,0,0,0,0
Pittsburgh Ward 14 Dist 17,,,Weinstein,0,0,0,0,0,0,0,0,0,0,0,0,0,0,0,0,0
Pittsburgh Ward 14 Dist 18,,,Weinstein,0,0,0,0,0,0,0,0,0,0,0,0,0,0,0,0,0
Pittsburgh Ward 14 Dist 19,,,Weinstein,0,0,0,0,0,0,0,0,0,0,0,0,0,0,0,0,0
Pittsburgh Ward 14 Dist 20,,,Weinstein,0,0,0,0,0,0,0,0,0,0,0,0,0,0,0,0,0
Pittsburgh Ward 14 Dist 21,,,Weinstein,0,0,0,0,0,0,0,0,0,0,0,0,0,0,0,0,0
Pittsburgh Ward 14 Dist 22,,,Weinstein,0,0,0,0,0,0,0,0,0,0,0,0,0,0,0,0,0
Pittsburgh Ward 14 Dist 23,,,Weinstein,0,0,0,0,0,0,0,0,0,0,0,0,0,0,0,0,0
Pittsburgh Ward 14 Dist 24,,,Weinstein,0,0,0,0,0,0,0,0,0,0,0,0,0,0,0,0,0
Pittsburgh Ward 14 Dist 25,,,Weinstein,0,0,0,0,0,0,0,0,0,0,0,0,0,0,0,0,0
Pittsburgh Ward 14 Dist 26,,,Weinstein,0,0,0,0,0,0,0,0,0,0,0,0,0,0,0,0,0
Pittsburgh Ward 14 Dist 27,,,Weinstein,0,0,0,0,0,0,0,0,0,0,0,0,0,0,0,0,0
Pittsburgh Ward 14 Dist 28,,,Weinstein,0,0,0,0,0,0,0,0,0,0,0,0,0,0,0,0,0
Pittsburgh Ward 14 Dist 29,,,Weinstein,0,0,0,0,0,0,0,0,0,0,0,0,0,0,0,0,0
Pittsburgh Ward 14 Dist 30,,,Weinstein,0,0,0,0,0,0,0,0,0,0,0,0,0,0,0,0,0
Pittsburgh Ward 14 Dist 31,,,Weinstein,0,0,0,0,0,0,0,0,0,0,0,0,0,0,0,0,0
Pittsburgh Ward 14 Dist 32,,,Weinstein,0,0,0,0,0,0,0,0,0,0,0,0,0,0,0,0,0
Pittsburgh Ward 14 Dist 33,,,Weinstein,0,0,0,0,0,0,0,0,0,0,0,0,0,0,0,0,0
Pittsburgh Ward 14 Dist 34,,,Weinstein,0,0,0,0,0,0,0,0,0,0,0,0,0,0,0,0,0
Pittsburgh Ward 14 Dist 35,,,Weinstein,0,0,0,0,0,0,0,0,0,0,0,0,0,0,0,0,0
Pittsburgh Ward 14 Dist 36,,,Weinstein,0,0,0,0,0,0,0,0,0,0,0,0,0,0,0,0,0
Pittsburgh Ward 14 Dist 37,,,Weinstein,0,0,0,0,0,0,0,0,0,0,0,0,0,0,0,0,0
Pittsburgh Ward 14 Dist 38,,,Weinstein,0,0,0,0,0,0,0,0,0,0,0,0,0,0,0,0,0
Pittsburgh Ward 14 Dist 39,,,Weinstein,0,0,0,0,0,0,0,0,0,0,0,0,0,0,0,0,0
Pittsburgh Ward 14 Dist 40,,,Weinstein,0,0,0,0,0,0,0,0,0,0,0,0,0,0,0,0,0
Pittsburgh Ward 14 Dist 41,,,Weinstein,0,0,0,0,0,0,0,0,0,0,0,0,0,0,0,0,0
Pittsburgh Ward 15 Dist 1,,,Weinstein,0,0,0,0,0,0,0,0,0,0,0,0,0,0,0,0,0
Pittsburgh Ward 15 Dist 2,,,Weinstein,0,0,0,0,0,0,0,0,0,0,0,0,0,0,0,0,0
Pittsburgh Ward 15 Dist 3,,,Weinstein,0,0,0,0,0,0,0,0,0,0,0,0,0,0,0,0,0
Pittsburgh Ward 15 Dist 4,,,Weinstein,0,0,0,0,0,0,0,0,0,0,0,0,0,0,0,0,0
Pittsburgh Ward 15 Dist 5,,,Weinstein,0,0,0,0,0,0,0,0,0,0,0,0,0,0,0,0,0
Pittsburgh Ward 15 Dist 6,,,Weinstein,0,0,0,0,0,0,0,0,0,0,0,0,0,0,0,0,0
Pittsburgh Ward 15 Dist 7,,,Weinstein,0,0,0,0,0,0,0,0,0,0,0,0,0,0,0,0,0
Pittsburgh Ward 15 Dist 8,,,Weinstein,0,0,0,0,0,0,0,0,0,0,0,0,0,0,0,0,0
Pittsburgh Ward 15 Dist 9,,,Weinstein,0,0,0,0,0,0,0,0,0,0,0,0,0,0,0,0,0
Pittsburgh Ward 15 Dist 10,,,Weinstein,0,0,0,0,0,0,0,0,0,0,0,0,0,0,0,0,0
Pittsburgh Ward 15 Dist 11,,,Weinstein,0,0,0,0,0,0,0,0,0,0,0,0,0,0,0,0,0
Pittsburgh Ward 15 Dist 12,,,Weinstein,0,0,0,0,0,0,0,0,0,0,0,0,0,0,0,0,0
Pittsburgh Ward 15 Dist 13,,,Weinstein,0,0,0,0,0,0,0,0,0,0,0,0,0,0,0,0,0
Pittsburgh Ward 15 Dist 14,,,Weinstein,0,0,0,0,0,0,0,0,0,0,0,0,0,0,0,0,0
Pittsburgh Ward 15 Dist 15,,,Weinstein,0,0,0,0,0,0,0,0,0,0,0,0,0,0,0,0,0
Pittsburgh Ward 15 Dist 16,,,Weinstein,0,0,0,0,0,0,0,0,0,0,0,0,0,0,0,0,0
Pittsburgh Ward 15 Dist 17,,,Weinstein,0,0,0,0,0,0,0,0,0,0,0,0,0,0,0,0,0
Pittsburgh Ward 15 Dist 18,,,Weinstein,0,0,0,0,0,0,0,0,0,0,0,0,0,0,0,0,0
Pittsburgh Ward 15 Dist 19,,,Weinstein,0,0,0,0,0,0,0,0,0,0,0,0,0,0,0,0,0
Pittsburgh Ward 16 Dist 1,,,Weinstein,0,0,0,0,0,0,0,0,0,0,0,0,0,0,0,0,0
Pittsburgh Ward 16 Dist 2,,,Weinstein,0,0,0,0,0,0,0,0,0,0,0,0,0,0,0,0,0
Pittsburgh Ward 16 Dist 3,,,Weinstein,0,0,0,0,0,0,0,0,0,0,0,0,0,0,0,0,0
Pittsburgh Ward 16 Dist 4,,,Weinstein,0,0,0,0,0,0,0,0,0,0,0,0,0,0,0,0,0
Pittsburgh Ward 16 Dist 5,,,Weinstein,0,0,0,0,0,0,0,0,0,0,0,0,0,0,0,0,0
Pittsburgh Ward 16 Dist 6,,,Weinstein,0,0,0,0,0,0,0,0,0,0,0,0,0,0,0,0,0
Pittsburgh Ward 16 Dist 7,,,Weinstein,0,0,0,0,0,0,0,0,0,0,0,0,0,0,0,0,0
Pittsburgh Ward 16 Dist 8,,,Weinstein,0,0,0,0,0,0,0,0,0,0,0,0,0,0,0,0,0
Pittsburgh Ward 16 Dist 9,,,Weinstein,0,0,0,0,0,0,0,0,0,0,0,0,0,0,0,0,0
Pittsburgh Ward 16 Dist 10,,,Weinstein,0,0,0,0,0,0,0,0,0,0,0,0,0,0,0,0,0
Pittsburgh Ward 16 Dist 11,,,Weinstein,0,0,0,0,0,0,0,0,0,0,0,0,0,0,0,0,0
Pittsburgh Ward 17 Dist 1,,,Weinstein,0,0,0,0,0,0,0,0,0,0,0,0,0,0,0,0,0
Pittsburgh Ward 17 Dist 2,,,Weinstein,0,0,0,0,0,0,0,0,0,0,0,0,0,0,0,0,0
Pittsburgh Ward 17 Dist 3,,,Weinstein,0,0,0,0,0,0,0,0,0,0,0,0,0,0,0,0,0
Pittsburgh Ward 17 Dist 4,,,Weinstein,0,0,0,0,0,0,0,0,0,0,0,0,0,0,0,0,0
Pittsburgh Ward 17 Dist 5,,,Weinstein,0,0,0,0,0,0,0,0,0,0,0,0,0,0,0,0,0
Pittsburgh Ward 17 Dist 6,,,Weinstein,0,0,0,0,0,0,0,0,0,0,0,0,0,0,0,0,0
Pittsburgh Ward 17 Dist 7,,,Weinstein,0,0,0,0,0,0,0,0,0,0,0,0,0,0,0,0,0
Pittsburgh Ward 17 Dist 8,,,Weinstein,0,0,0,0,0,0,0,0,0,0,0,0,0,0,0,0,0
Pittsburgh Ward 18 Dist 1,,,Weinstein,0,0,0,0,0,0,0,0,0,0,0,0,0,0,0,0,0
Pittsburgh Ward 18 Dist 2,,,Weinstein,0,0,0,0,0,0,0,0,0,0,0,0,0,0,0,0,0
Pittsburgh Ward 18 Dist 3,,,Weinstein,0,0,0,0,0,0,0,0,0,0,0,0,0,0,0,0,0
Pittsburgh Ward 18 Dist 4,,,Weinstein,0,0,0,0,0,0,0,0,0,0,0,0,0,0,0,0,0
Pittsburgh Ward 18 Dist 5,,,Weinstein,0,0,0,0,0,0,0,0,0,0,0,0,0,0,0,0,0
Pittsburgh Ward 18 Dist 6,,,Weinstein,0,0,0,0,0,0,0,0,0,0,0,0,0,0,0,0,0
Pittsburgh Ward 18 Dist 7,,,Weinstein,0,0,0,0,0,0,0,0,0,0,0,0,0,0,0,0,0
Pittsburgh Ward 18 Dist 8,,,Weinstein,0,0,0,0,0,0,0,0,0,0,0,0,0,0,0,0,0
Pittsburgh Ward 18 Dist 9,,,Weinstein,0,0,0,0,0,0,0,0,0,0,0,0,0,0,0,0,0
Pittsburgh Ward 18 Dist 10,,,Weinstein,0,0,0,0,0,0,0,0,0,0,0,0,0,0,0,0,0
Pittsburgh Ward 18 Dist 11,,,Weinstein,0,0,0,0,0,0,0,0,0,0,0,0,0,0,0,0,0
Pittsburgh Ward 19 Dist 1,,,Weinstein,0,0,0,0,0,0,0,0,0,0,0,0,0,0,0,0,0
Pittsburgh Ward 19 Dist 2,,,Weinstein,0,0,0,0,0,0,0,0,0,0,0,0,0,0,0,0,0
Pittsburgh Ward 19 Dist 3,,,Weinstein,0,0,0,0,0,0,0,0,0,0,0,0,0,0,0,0,0
Pittsburgh Ward 19 Dist 4,,,Weinstein,0,0,0,0,0,0,0,0,0,0,0,0,0,0,0,0,0
Pittsburgh Ward 19 Dist 5,,,Weinstein,0,0,0,0,0,0,0,0,0,0,0,0,0,0,0,0,0
Pittsburgh Ward 19 Dist 6,,,Weinstein,0,0,0,0,0,0,0,0,0,0,0,0,0,0,0,0,0
Pittsburgh Ward 19 Dist 7,,,Weinstein,0,0,0,0,0,0,0,0,0,0,0,0,0,0,0,0,0
Pittsburgh Ward 19 Dist 8,,,Weinstein,0,0,0,0,0,0,0,0,0,0,0,0,0,0,0,0,0
Pittsburgh Ward 19 Dist 9,,,Weinstein,0,0,0,0,0,0,0,0,0,0,0,0,0,0,0,0,0
Pittsburgh Ward 19 Dist 10,,,Weinstein,0,0,0,0,0,0,0,0,0,0,0,0,0,0,0,0,0
Pittsburgh Ward 19 Dist 11,,,Weinstein,0,0,0,0,0,0,0,0,0,0,0,0,0,0,0,0,0
Pittsburgh Ward 19 Dist 12,,,Weinstein,0,0,0,0,0,0,0,0,0,0,0,0,0,0,0,0,0
Pittsburgh Ward 19 Dist 13,,,Weinstein,0,0,0,0,0,0,0,0,0,0,0,0,0,0,0,0,0
Pittsburgh Ward 19 Dist 14,,,Weinstein,0,0,0,0,0,0,0,0,0,0,0,0,0,0,0,0,0
Pittsburgh Ward 19 Dist 15,,,Weinstein,0,0,0,0,0,0,0,0,0,0,0,0,0,0,0,0,0
Pittsburgh Ward 19 Dist 16,,,Weinstein,0,0,0,0,0,0,0,0,0,0,0,0,0,0,0,0,0
Pittsburgh Ward 19 Dist 17,,,Weinstein,0,0,0,0,0,0,0,0,0,0,0,0,0,0,0,0,0
Pittsburgh Ward 19 Dist 18,,,Weinstein,0,0,0,0,0,0,0,0,0,0,0,0,0,0,0,0,0
Pittsburgh Ward 19 Dist 19,,,Weinstein,0,0,0,0,0,0,0,0,0,0,0,0,0,0,0,0,0
Pittsburgh Ward 19 Dist 20,,,Weinstein,0,0,0,0,0,0,0,0,0,0,0,0,0,0,0,0,0
Pittsburgh Ward 19 Dist 21,,,Weinstein,0,0,0,0,0,0,0,0,0,0,0,0,0,0,0,0,0
Pittsburgh Ward 19 Dist 22,,,Weinstein,0,0,0,0,0,0,0,0,0,0,0,0,0,0,0,0,0
Pittsburgh Ward 19 Dist 23,,,Weinstein,0,0,0,0,0,0,0,0,0,0,0,0,0,0,0,0,0
Pittsburgh Ward 19 Dist 24,,,Weinstein,0,0,0,0,0,0,0,0,0,0,0,0,0,0,0,0,0
Pittsburgh Ward 19 Dist 25,,,Weinstein,0,0,0,0,0,0,0,0,0,0,0,0,0,0,0,0,0
Pittsburgh Ward 19 Dist 26,,,Weinstein,0,0,0,0,0,0,0,0,0,0,0,0,0,0,0,0,0
Pittsburgh Ward 19 Dist 27,,,Weinstein,0,0,0,0,0,0,0,0,0,0,0,0,0,0,0,0,0
Pittsburgh Ward 19 Dist 28,,,Weinstein,0,0,0,0,0,0,0,0,0,0,0,0,0,0,0,0,0
Pittsburgh Ward 19 Dist 29,,,Weinstein,0,0,0,0,0,0,0,0,0,0,0,0,0,0,0,0,0
Pittsburgh Ward 19 Dist 30,,,Weinstein,0,0,0,0,0,0,0,0,0,0,0,0,0,0,0,0,0
Pittsburgh Ward 19 Dist 31,,,Weinstein,0,0,0,0,0,0,0,0,0,0,0,0,0,0,0,0,0
Pittsburgh Ward 19 Dist 32,,,Weinstein,0,0,0,0,0,0,0,0,0,0,0,0,0,0,0,0,0
Pittsburgh Ward 19 Dist 33,,,Weinstein,0,0,0,0,0,0,0,0,0,0,0,0,0,0,0,0,0
Pittsburgh Ward 19 Dist 34,,,Weinstein,0,0,0,0,0,0,0,0,0,0,0,0,0,0,0,0,0
Pittsburgh Ward 19 Dist 35,,,Weinstein,0,0,0,0,0,0,0,0,0,0,0,0,0,0,0,0,0
Pittsburgh Ward 19 Dist 36,,,Weinstein,0,0,0,0,0,0,0,0,0,0,0,0,0,0,0,0,0
Pittsburgh Ward 19 Dist 37,,,Weinstein,0,0,0,0,0,0,0,0,0,0,0,0,0,0,0,0,0
Pittsburgh Ward 19 Dist 38,,,Weinstein,0,0,0,0,0,0,0,0,0,0,0,0,0,0,0,0,0
Pittsburgh Ward 20 Dist 1,,,Weinstein,0,0,0,0,0,0,0,0,0,0,0,0,0,0,0,0,0
Pittsburgh Ward 20 Dist 2,,,Weinstein,0,0,0,0,0,0,0,0,0,0,0,0,0,0,0,0,0
Pittsburgh Ward 20 Dist 3,,,Weinstein,0,0,0,0,0,0,0,0,0,0,0,0,0,0,0,0,0
Pittsburgh Ward 20 Dist 4,,,Weinstein,0,0,0,0,0,0,0,0,0,0,0,0,0,0,0,0,0
Pittsburgh Ward 20 Dist 5,,,Weinstein,0,0,0,0,0,0,0,0,0,0,0,0,0,0,0,0,0
Pittsburgh Ward 20 Dist 6,,,Weinstein,0,0,0,0,0,0,0,0,0,0,0,0,0,0,0,0,0
Pittsburgh Ward 20 Dist 7,,,Weinstein,0,0,0,0,0,0,0,0,0,0,0,0,0,0,0,0,0
Pittsburgh Ward 20 Dist 8,,,Weinstein,0,0,0,0,0,0,0,0,0,0,0,0,0,0,0,0,0
Pittsburgh Ward 20 Dist 9,,,Weinstein,0,0,0,0,0,0,0,0,0,0,0,0,0,0,0,0,0
Pittsburgh Ward 20 Dist 10,,,Weinstein,0,0,0,0,0,0,0,0,0,0,0,0,0,0,0,0,0
Pittsburgh Ward 20 Dist 11,,,Weinstein,0,0,0,0,0,0,0,0,0,0,0,0,0,0,0,0,0
Pittsburgh Ward 20 Dist 12,,,Weinstein,0,0,0,0,0,0,0,0,0,0,0,0,0,0,0,0,0
Pittsburgh Ward 20 Dist 13,,,Weinstein,0,0,0,0,0,0,0,0,0,0,0,0,0,0,0,0,0
Pittsburgh Ward 20 Dist 14,,,Weinstein,0,0,0,0,0,0,0,0,0,0,0,0,0,0,0,0,0
Pittsburgh Ward 20 Dist 15,,,Weinstein,0,0,0,0,0,0,0,0,0,0,0,0,0,0,0,0,0
Pittsburgh Ward 20 Dist 16,,,Weinstein,0,0,0,0,0,0,0,0,0,0,0,0,0,0,0,0,0
Pittsburgh Ward 20 Dist 17,,,Weinstein,0,0,0,0,0,0,0,0,0,0,0,0,0,0,0,0,0
Pittsburgh Ward 20 Dist 18,,,Weinstein,0,0,0,0,0,0,0,0,0,0,0,0,0,0,0,0,0
Pittsburgh Ward 21 Dist 1,,,Weinstein,0,0,0,0,0,0,0,0,0,0,0,0,0,0,0,0,0
Pittsburgh Ward 21 Dist 2,,,Weinstein,0,0,0,0,0,0,0,0,0,0,0,0,0,0,0,0,0
Pittsburgh Ward 21 Dist 3,,,Weinstein,0,0,0,0,0,0,0,0,0,0,0,0,0,0,0,0,0
Pittsburgh Ward 21 Dist 4,,,Weinstein,0,0,0,0,0,0,0,0,0,0,0,0,0,0,0,0,0
Pittsburgh Ward 22 Dist 1,,,Weinstein,0,0,0,0,0,0,0,0,0,0,0,0,0,0,0,0,0
Pittsburgh Ward 22 Dist 2,,,Weinstein,0,0,0,0,0,0,0,0,0,0,0,0,0,0,0,0,0
Pittsburgh Ward 22 Dist 3,,,Weinstein,0,0,0,0,0,0,0,0,0,0,0,0,0,0,0,0,0
Pittsburgh Ward 22 Dist 4,,,Weinstein,0,0,0,0,0,0,0,0,0,0,0,0,0,0,0,0,0
Pittsburgh Ward 23 Dist 1,,,Weinstein,0,0,0,0,0,0,0,0,0,0,0,0,0,0,0,0,0
Pittsburgh Ward 23 Dist 2,,,Weinstein,0,0,0,0,0,0,0,0,0,0,0,0,0,0,0,0,0
Pittsburgh Ward 23 Dist 3,,,Weinstein,0,0,0,0,0,0,0,0,0,0,0,0,0,0,0,0,0
Pittsburgh Ward 24 Dist 1,,,Weinstein,0,0,0,0,0,0,0,0,0,0,0,0,0,0,0,0,0
Pittsburgh Ward 24 Dist 2,,,Weinstein,0,0,0,0,0,0,0,0,0,0,0,0,0,0,0,0,0
Pittsburgh Ward 24 Dist 3,,,Weinstein,0,0,0,0,0,0,0,0,0,0,0,0,0,0,0,0,0
Pittsburgh Ward 24 Dist 4,,,Weinstein,0,0,0,0,0,0,0,0,0,0,0,0,0,0,0,0,0
Pittsburgh Ward 24 Dist 5,,,Weinstein,0,0,0,0,0,0,0,0,0,0,0,0,0,0,0,0,0
Pittsburgh Ward 24 Dist 6,,,Weinstein,0,0,0,0,0,0,0,0,0,0,0,0,0,0,0,0,0
Pittsburgh Ward 25 Dist 1,,,Weinstein,0,0,0,0,0,0,0,0,0,0,0,0,0,0,0,0,0
Pittsburgh Ward 25 Dist 2,,,Weinstein,0,0,0,0,0,0,0,0,0,0,0,0,0,0,0,0,0
Pittsburgh Ward 25 Dist 3,,,Weinstein,0,0,0,0,0,0,0,0,0,0,0,0,0,0,0,0,0
Pittsburgh Ward 25 Dist 4,,,Weinstein,0,0,0,0,0,0,0,0,0,0,0,0,0,0,0,0,0
Pittsburgh Ward 25 Dist 5,,,Weinstein,0,0,0,0,0,0,0,0,0,0,0,0,0,0,0,0,0
Pittsburgh Ward 25 Dist 6,,,Weinstein,0,0,0,0,0,0,0,0,0,0,0,0,0,0,0,0,0
Pittsburgh Ward 25 Dist 7,,,Weinstein,0,0,0,0,0,0,0,0,0,0,0,0,0,0,0,0,0
Pittsburgh Ward 26 Dist 1,,,Weinstein,0,0,0,0,0,0,0,0,0,0,0,0,0,0,0,0,0
Pittsburgh Ward 26 Dist 2,,,Weinstein,0,0,0,0,0,0,0,0,0,0,0,0,0,0,0,0,0
Pittsburgh Ward 26 Dist 3,,,Weinstein,0,0,0,0,0,0,0,0,0,0,0,0,0,0,0,0,0
Pittsburgh Ward 26 Dist 4,,,Weinstein,0,0,0,0,0,0,0,0,0,0,0,0,0,0,0,0,0
Pittsburgh Ward 26 Dist 5,,,Weinstein,0,0,0,0,0,0,0,0,0,0,0,0,0,0,0,0,0
Pittsburgh Ward 26 Dist 6,,,Weinstein,0,0,0,0,0,0,0,0,0,0,0,0,0,0,0,0,0
Pittsburgh Ward 26 Dist 7,,,Weinstein,0,0,0,0,0,0,0,0,0,0,0,0,0,0,0,0,0
Pittsburgh Ward 26 Dist 8,,,Weinstein,0,0,0,0,0,0,0,0,0,0,0,0,0,0,0,0,0
Pittsburgh Ward 26 Dist 9,,,Weinstein,0,0,0,0,0,0,0,0,0,0,0,0,0,0,0,0,0
Pittsburgh Ward 26 Dist 10,,,Weinstein,0,0,0,0,0,0,0,0,0,0,0,0,0,0,0,0,0
Pittsburgh Ward 26 Dist 11,,,Weinstein,0,0,0,0,0,0,0,0,0,0,0,0,0,0,0,0,0
Pittsburgh Ward 26 Dist 12,,,Weinstein,0,0,0,0,0,0,0,0,0,0,0,0,0,0,0,0,0
Pittsburgh Ward 26 Dist 13,,,Weinstein,0,0,0,0,0,0,0,0,0,0,0,0,0,0,0,0,0
Pittsburgh Ward 26 Dist 14,,,Weinstein,0,0,0,0,0,0,0,0,0,0,0,0,0,0,0,0,0
Pittsburgh Ward 26 Dist 15,,,Weinstein,0,0,0,0,0,0,0,0,0,0,0,0,0,0,0,0,0
Pittsburgh Ward 26 Dist 16,,,Weinstein,0,0,0,0,0,0,0,0,0,0,0,0,0,0,0,0,0
Pittsburgh Ward 26 Dist 17,,,Weinstein,0,0,0,0,0,0,0,0,0,0,0,0,0,0,0,0,0
Pittsburgh Ward 27 Dist 1,,,Weinstein,0,0,0,0,0,0,0,0,0,0,0,0,0,0,0,0,0
Pittsburgh Ward 27 Dist 2,,,Weinstein,0,0,0,0,0,0,0,0,0,0,0,0,0,0,0,0,0
Pittsburgh Ward 27 Dist 3,,,Weinstein,0,0,0,0,0,0,0,0,0,0,0,0,0,0,0,0,0
Pittsburgh Ward 27 Dist 4,,,Weinstein,0,0,0,0,0,0,0,0,0,0,0,0,0,0,0,0,0
Pittsburgh Ward 27 Dist 5,,,Weinstein,0,0,0,0,0,0,0,0,0,0,0,0,0,0,0,0,0
Pittsburgh Ward 27 Dist 6,,,Weinstein,0,0,0,0,0,0,0,0,0,0,0,0,0,0,0,0,0
Pittsburgh Ward 27 Dist 7,,,Weinstein,0,0,0,0,0,0,0,0,0,0,0,0,0,0,0,0,0
Pittsburgh Ward 27 Dist 8,,,Weinstein,0,0,0,0,0,0,0,0,0,0,0,0,0,0,0,0,0
Pittsburgh Ward 27 Dist 9,,,Weinstein,0,0,0,0,0,0,0,0,0,0,0,0,0,0,0,0,0
Pittsburgh Ward 27 Dist 10,,,Weinstein,0,0,0,0,0,0,0,0,0,0,0,0,0,0,0,0,0
Pittsburgh Ward 27 Dist 11,,,Weinstein,0,0,0,0,0,0,0,0,0,0,0,0,0,0,0,0,0
Pittsburgh Ward 27 Dist 12,,,Weinstein,0,0,0,0,0,0,0,0,0,0,0,0,0,0,0,0,0
Pittsburgh Ward 27 Dist 13,,,Weinstein,0,0,0,0,0,0,0,0,0,0,0,0,0,0,0,0,0
Pittsburgh Ward 28 Dist 1,,,Weinstein,0,0,0,0,0,0,0,0,0,0,0,0,0,0,0,0,0
Pittsburgh Ward 28 Dist 2,,,Weinstein,0,0,0,0,0,0,0,0,0,0,0,0,0,0,0,0,0
Pittsburgh Ward 28 Dist 3,,,Weinstein,0,0,0,0,0,0,0,0,0,0,0,0,0,0,0,0,0
Pittsburgh Ward 28 Dist 4,,,Weinstein,0,0,0,0,0,0,0,0,0,0,0,0,0,0,0,0,0
Pittsburgh Ward 28 Dist 5,,,Weinstein,0,0,0,0,0,0,0,0,0,0,0,0,0,0,0,0,0
Pittsburgh Ward 28 Dist 6,,,Weinstein,0,0,0,0,0,0,0,0,0,0,0,0,0,0,0,0,0
Pittsburgh Ward 28 Dist 7,,,Weinstein,0,0,0,0,0,0,0,0,0,0,0,0,0,0,0,0,0
Pittsburgh Ward 28 Dist 8,,,Weinstein,0,0,0,0,0,0,0,0,0,0,0,0,0,0,0,0,0
Pittsburgh Ward 28 Dist 9,,,Weinstein,0,0,0,0,0,0,0,0,0,0,0,0,0,0,0,0,0
Pittsburgh Ward 28 Dist 10,,,Weinstein,0,0,0,0,0,0,0,0,0,0,0,0,0,0,0,0,0
Pittsburgh Ward 28 Dist 11,,,Weinstein,0,0,0,0,0,0,0,0,0,0,0,0,0,0,0,0,0
Pittsburgh Ward 29 Dist 1,,,Weinstein,0,0,0,0,0,0,0,0,0,0,0,0,0,0,0,0,0
Pittsburgh Ward 29 Dist 2,,,Weinstein,0,0,0,0,0,0,0,0,0,0,0,0,0,0,0,0,0
Pittsburgh Ward 29 Dist 3,,,Weinstein,0,0,0,0,0,0,0,0,0,0,0,0,0,0,0,0,0
Pittsburgh Ward 29 Dist 4,,,Weinstein,0,0,0,0,0,0,0,0,0,0,0,0,0,0,0,0,0
Pittsburgh Ward 29 Dist 5,,,Weinstein,0,0,0,0,0,0,0,0,0,0,0,0,0,0,0,0,0
Pittsburgh Ward 29 Dist 6,,,Weinstein,0,0,0,0,0,0,0,0,0,0,0,0,0,0,0,0,0
Pittsburgh Ward 29 Dist 7,,,Weinstein,0,0,0,0,0,0,0,0,0,0,0,0,0,0,0,0,0
Pittsburgh Ward 29 Dist 8,,,Weinstein,0,0,0,0,0,0,0,0,0,0,0,0,0,0,0,0,0
Pittsburgh Ward 29 Dist 9,,,Weinstein,0,0,0,0,0,0,0,0,0,0,0,0,0,0,0,0,0
Pittsburgh Ward 29 Dist 10,,,Weinstein,0,0,0,0,0,0,0,0,0,0,0,0,0,0,0,0,0
Pittsburgh Ward 29 Dist 11,,,Weinstein,0,0,0,0,0,0,0,0,0,0,0,0,0,0,0,0,0
Pittsburgh Ward 29 Dist 12,,,Weinstein,0,0,0,0,0,0,0,0,0,0,0,0,0,0,0,0,0
Pittsburgh Ward 30 Dist 1,,,Weinstein,0,0,0,0,0,0,0,0,0,0,0,0,0,0,0,0,0
Pittsburgh Ward 30 Dist 2,,,Weinstein,0,0,0,0,0,0,0,0,0,0,0,0,0,0,0,0,0
Pittsburgh Ward 30 Dist 3,,,Weinstein,0,0,0,0,0,0,0,0,0,0,0,0,0,0,0,0,0
Pittsburgh Ward 30 Dist 4,,,Weinstein,0,0,0,0,0,0,0,0,0,0,0,0,0,0,0,0,0
Pittsburgh Ward 30 Dist 5,,,Weinstein,0,0,0,0,0,0,0,0,0,0,0,0,0,0,0,0,0
Pittsburgh Ward 31 Dist 1,,,Weinstein,0,0,0,0,0,0,0,0,0,0,0,0,0,0,0,0,0
Pittsburgh Ward 31 Dist 2,,,Weinstein,0,0,0,0,0,0,0,0,0,0,0,0,0,0,0,0,0
Pittsburgh Ward 31 Dist 3,,,Weinstein,0,0,0,0,0,0,0,0,0,0,0,0,0,0,0,0,0
Pittsburgh Ward 31 Dist 4,,,Weinstein,0,0,0,0,0,0,0,0,0,0,0,0,0,0,0,0,0
Pittsburgh Ward 31 Dist 5,,,Weinstein,0,0,0,0,0,0,0,0,0,0,0,0,0,0,0,0,0
Pittsburgh Ward 31 Dist 6,,,Weinstein,0,0,0,0,0,0,0,0,0,0,0,0,0,0,0,0,0
Pittsburgh Ward 31 Dist 7,,,Weinstein,0,0,0,0,0,0,0,0,0,0,0,0,0,0,0,0,0
Pittsburgh Ward 32 Dist 1,,,Weinstein,0,0,0,0,0,0,0,0,0,0,0,0,0,0,0,0,0
Pittsburgh Ward 32 Dist 2,,,Weinstein,0,0,0,0,0,0,0,0,0,0,0,0,0,0,0,0,0
Pittsburgh Ward 32 Dist 3,,,Weinstein,0,0,0,0,0,0,0,0,0,0,0,0,0,0,0,0,0
Pittsburgh Ward 32 Dist 4,,,Weinstein,0,0,0,0,0,0,0,0,0,0,0,0,0,0,0,0,0
Pittsburgh Ward 32 Dist 5,,,Weinstein,0,0,0,0,0,0,0,0,0,0,0,0,0,0,0,0,0
Pittsburgh Ward 32 Dist 6,,,Weinstein,0,0,0,0,0,0,0,0,0,0,0,0,0,0,0,0,0
Pittsburgh Ward 32 Dist 7,,,Weinstein,0,0,0,0,0,0,0,0,0,0,0,0,0,0,0,0,0
Pittsburgh Ward 32 Dist 8,,,Weinstein,0,0,0,0,0,0,0,0,0,0,0,0,0,0,0,0,0
Pleasant Hl Dist 1,,,Weinstein,0,0,0,0,0,0,0,0,0,0,0,0,0,0,0,0,0
Pleasant Hl Dist 2,,,Weinstein,0,0,0,0,0,0,0,0,0,0,0,0,0,0,0,0,0
Pleasant Hl Dist 3,,,Weinstein,0,0,0,0,0,0,0,0,0,0,0,0,0,0,0,0,0
Pleasant Hl Dist 4,,,Weinstein,0,0,0,0,0,0,0,0,0,0,0,0,0,0,0,0,0
Pleasant Hl Dist 5,,,Weinstein,0,0,0,0,0,0,0,0,0,0,0,0,0,0,0,0,0
Pleasant Hl Dist 6,,,Weinstein,0,0,0,0,0,0,0,0,0,0,0,0,0,0,0,0,0
Pleasant Hl Dist 7,,,Weinstein,0,0,0,0,0,0,0,0,0,0,0,0,0,0,0,0,0
Pleasant Hl Dist 8,,,Weinstein,0,0,0,0,0,0,0,0,0,0,0,0,0,0,0,0,0
Pleasant Hl Dist 9,,,Weinstein,0,0,0,0,0,0,0,0,0,0,0,0,0,0,0,0,0
Pleasant Hl Dist 10,,,Weinstein,0,0,0,0,0,0,0,0,0,0,0,0,0,0,0,0,0
Plum Dist 1,,,Weinstein,0,0,0,0,0,0,0,0,0,0,0,0,0,0,0,0,0
Plum Dist 2,,,Weinstein,0,0,0,0,0,0,0,0,0,0,0,0,0,0,0,0,0
Plum Dist 3,,,Weinstein,0,0,0,0,0,0,0,0,0,0,0,0,0,0,0,0,0
Plum Dist 4,,,Weinstein,0,0,0,0,0,0,0,0,0,0,0,0,0,0,0,0,0
Plum Dist 5,,,Weinstein,0,0,0,0,0,0,0,0,0,0,0,0,0,0,0,0,0
Plum Dist 6,,,Weinstein,0,0,0,0,0,0,0,0,0,0,0,0,0,0,0,0,0
Plum Dist 7,,,Weinstein,0,0,0,0,0,0,0,0,0,0,0,0,0,0,0,0,0
Plum Dist 8,,,Weinstein,0,0,0,0,0,0,0,0,0,0,0,0,0,0,0,0,0
Plum Dist 9,,,Weinstein,0,0,0,0,0,0,0,0,0,0,0,0,0,0,0,0,0
Plum Dist 10,,,Weinstein,0,0,0,0,0,0,0,0,0,0,0,0,0,0,0,0,0
Plum Dist 11,,,Weinstein,0,0,0,0,0,0,0,0,0,0,0,0,0,0,0,0,0
Plum Dist 12,,,Weinstein,0,0,0,0,0,0,0,0,0,0,0,0,0,0,0,0,0
Plum Dist 13,,,Weinstein,0,0,0,0,0,0,0,0,0,0,0,0,0,0,0,0,0
Plum Dist 14,,,Weinstein,0,0,0,0,0,0,0,0,0,0,0,0,0,0,0,0,0
Plum Dist 15,,,Weinstein,0,0,0,0,0,0,0,0,0,0,0,0,0,0,0,0,0
Plum Dist 16,,,Weinstein,0,0,0,0,0,0,0,0,0,0,0,0,0,0,0,0,0
Plum Dist 17,,,Weinstein,0,0,0,0,0,0,0,0,0,0,0,0,0,0,0,0,0
Plum Dist 18,,,Weinstein,0,0,0,0,0,0,0,0,0,0,0,0,0,0,0,0,0
Plum Dist 19,,,Weinstein,0,0,0,0,0,0,0,0,0,0,0,0,0,0,0,0,0
Plum Dist 20,,,Weinstein,0,0,0,0,0,0,0,0,0,0,0,0,0,0,0,0,0
Plum Dist 21,,,Weinstein,0,0,0,0,0,0,0,0,0,0,0,0,0,0,0,0,0
Port Vue Dist 1,,,Weinstein,0,0,0,0,0,0,0,0,0,0,0,0,0,0,0,0,0
Port Vue Dist 2,,,Weinstein,0,0,0,0,0,0,0,0,0,0,0,0,0,0,0,0,0
Port Vue Dist 3,,,Weinstein,0,0,0,0,0,0,0,0,0,0,0,0,0,0,0,0,0
Port Vue Dist 4,,,Weinstein,0,0,0,0,0,0,0,0,0,0,0,0,0,0,0,0,0
Rankin Ward 1,,,Weinstein,0,0,0,0,0,0,0,0,0,0,0,0,0,0,0,0,0
Rankin Ward 2,,,Weinstein,0,0,0,0,0,0,0,0,0,0,0,0,0,0,0,0,0
Rankin Ward 3,,,Weinstein,0,0,0,0,0,0,0,0,0,0,0,0,0,0,0,0,0
Reserve Ward 1,,,Weinstein,0,0,0,0,0,0,0,0,0,0,0,0,0,0,0,0,0
Reserve Ward 2,,,Weinstein,0,0,0,0,0,0,0,0,0,0,0,0,0,0,0,0,0
Reserve Ward 3,,,Weinstein,0,0,0,0,0,0,0,0,0,0,0,0,0,0,0,0,0
Reserve Ward 4,,,Weinstein,0,0,0,0,0,0,0,0,0,0,0,0,0,0,0,0,0
Richland Dist 1,,,Weinstein,0,0,0,0,0,0,0,0,0,0,0,0,0,0,0,0,0
Richland Dist 2,,,Weinstein,0,0,0,0,0,0,0,0,0,0,0,0,0,0,0,0,0
Richland Dist 3,,,Weinstein,0,0,0,0,0,0,0,0,0,0,0,0,0,0,0,0,0
Richland Dist 4,,,Weinstein,0,0,0,0,0,0,0,0,0,0,0,0,0,0,0,0,0
Richland Dist 5,,,Weinstein,0,0,0,0,0,0,0,0,0,0,0,0,0,0,0,0,0
Richland Dist 6,,,Weinstein,0,0,0,0,0,0,0,0,0,0,0,0,0,0,0,0,0
Richland Dist 7,,,Weinstein,0,0,0,0,0,0,0,0,0,0,0,0,0,0,0,0,0
Richland Dist 8,,,Weinstein,0,0,0,0,0,0,0,0,0,0,0,0,0,0,0,0,0
Robinson Dist 1,,,Weinstein,0,0,0,0,0,0,0,0,0,0,0,0,0,0,0,0,0
Robinson Dist 2,,,Weinstein,0,0,0,0,0,0,0,0,0,0,0,0,0,0,0,0,0
Robinson Dist 3,,,Weinstein,0,0,0,0,0,0,0,0,0,0,0,0,0,0,0,0,0
Robinson Dist 4,,,Weinstein,0,0,0,0,0,0,0,0,0,0,0,0,0,0,0,0,0
Robinson Dist 5,,,Weinstein,0,0,0,0,0,0,0,0,0,0,0,0,0,0,0,0,0
Robinson Dist 6,,,Weinstein,0,0,0,0,0,0,0,0,0,0,0,0,0,0,0,0,0
Robinson Dist 7,,,Weinstein,0,0,0,0,0,0,0,0,0,0,0,0,0,0,0,0,0
Robinson Dist 8,,,Weinstein,0,0,0,0,0,0,0,0,0,0,0,0,0,0,0,0,0
Robinson Dist 9,,,Weinstein,0,0,0,0,0,0,0,0,0,0,0,0,0,0,0,0,0
Ross Ward 1 Dist 1,,,Weinstein,0,0,0,0,0,0,0,0,0,0,0,0,0,0,0,0,0
Ross Ward 1 Dist 2,,,Weinstein,0,0,0,0,0,0,0,0,0,0,0,0,0,0,0,0,0
Ross Ward 1 Dist 3,,,Weinstein,0,0,0,0,0,0,0,0,0,0,0,0,0,0,0,0,0
Ross Ward 1 Dist 4,,,Weinstein,0,0,0,0,0,0,0,0,0,0,0,0,0,0,0,0,0
Ross Ward 2 Dist 1,,,Weinstein,0,0,0,0,0,0,0,0,0,0,0,0,0,0,0,0,0
Ross Ward 2 Dist 2,,,Weinstein,0,0,0,0,0,0,0,0,0,0,0,0,0,0,0,0,0
Ross Ward 2 Dist 3,,,Weinstein,0,0,0,0,0,0,0,0,0,0,0,0,0,0,0,0,0
Ross Ward 3 Dist 1,,,Weinstein,0,0,0,0,0,0,0,0,0,0,0,0,0,0,0,0,0
Ross Ward 3 Dist 2,,,Weinstein,0,0,0,0,0,0,0,0,0,0,0,0,0,0,0,0,0
Ross Ward 3 Dist 3,,,Weinstein,0,0,0,0,0,0,0,0,0,0,0,0,0,0,0,0,0
Ross Ward 3 Dist 4,,,Weinstein,0,0,0,0,0,0,0,0,0,0,0,0,0,0,0,0,0
Ross Ward 4 Dist 1,,,Weinstein,0,0,0,0,0,0,0,0,0,0,0,0,0,0,0,0,0
Ross Ward 4 Dist 2,,,Weinstein,0,0,0,0,0,0,0,0,0,0,0,0,0,0,0,0,0
Ross Ward 4 Dist 3,,,Weinstein,0,0,0,0,0,0,0,0,0,0,0,0,0,0,0,0,0
Ross Ward 4 Dist 4,,,Weinstein,0,0,0,0,0,0,0,0,0,0,0,0,0,0,0,0,0
Ross Ward 5 Dist 1,,,Weinstein,0,0,0,0,0,0,0,0,0,0,0,0,0,0,0,0,0
Ross Ward 5 Dist 2,,,Weinstein,0,0,0,0,0,0,0,0,0,0,0,0,0,0,0,0,0
Ross Ward 5 Dist 3,,,Weinstein,0,0,0,0,0,0,0,0,0,0,0,0,0,0,0,0,0
Ross Ward 5 Dist 4,,,Weinstein,0,0,0,0,0,0,0,0,0,0,0,0,0,0,0,0,0
Ross Ward 6 Dist 1,,,Weinstein,0,0,0,0,0,0,0,0,0,0,0,0,0,0,0,0,0
Ross Ward 6 Dist 2,,,Weinstein,0,0,0,0,0,0,0,0,0,0,0,0,0,0,0,0,0
Ross Ward 6 Dist 3,,,Weinstein,0,0,0,0,0,0,0,0,0,0,0,0,0,0,0,0,0
Ross Ward 6 Dist 4,,,Weinstein,0,0,0,0,0,0,0,0,0,0,0,0,0,0,0,0,0
Ross Ward 7 Dist 1,,,Weinstein,0,0,0,0,0,0,0,0,0,0,0,0,0,0,0,0,0
Ross Ward 7 Dist 2,,,Weinstein,0,0,0,0,0,0,0,0,0,0,0,0,0,0,0,0,0
Ross Ward 7 Dist 3,,,Weinstein,0,0,0,0,0,0,0,0,0,0,0,0,0,0,0,0,0
Ross Ward 7 Dist 4,,,Weinstein,0,0,0,0,0,0,0,0,0,0,0,0,0,0,0,0,0
Ross Ward 8 Dist 1,,,Weinstein,0,0,0,0,0,0,0,0,0,0,0,0,0,0,0,0,0
Ross Ward 8 Dist 2,,,Weinstein,0,0,0,0,0,0,0,0,0,0,0,0,0,0,0,0,0
Ross Ward 8 Dist 3,,,Weinstein,0,0,0,0,0,0,0,0,0,0,0,0,0,0,0,0,0
Ross Ward 9 Dist 1,,,Weinstein,0,0,0,0,0,0,0,0,0,0,0,0,0,0,0,0,0
Ross Ward 9 Dist 2,,,Weinstein,0,0,0,0,0,0,0,0,0,0,0,0,0,0,0,0,0
Ross Ward 9 Dist 3,,,Weinstein,0,0,0,0,0,0,0,0,0,0,0,0,0,0,0,0,0
Rosslyn Farms,,,Weinstein,0,0,0,0,0,0,0,0,0,0,0,0,0,0,0,0,0
Scott Ward 1 Dist 1,,,Weinstein,0,0,0,0,0,0,0,0,0,0,0,0,0,0,0,0,0
Scott Ward 1 Dist 2,,,Weinstein,0,0,0,0,0,0,0,0,0,0,0,0,0,0,0,0,0
Scott Ward 2 Dist 1,,,Weinstein,0,0,0,0,0,0,0,0,0,0,0,0,0,0,0,0,0
Scott Ward 2 Dist 2,,,Weinstein,0,0,0,0,0,0,0,0,0,0,0,0,0,0,0,0,0
Scott Ward 3 Dist 1,,,Weinstein,0,0,0,0,0,0,0,0,0,0,0,0,0,0,0,0,0
Scott Ward 3 Dist 2,,,Weinstein,0,0,0,0,0,0,0,0,0,0,0,0,0,0,0,0,0
Scott Ward 4 Dist 1,,,Weinstein,0,0,0,0,0,0,0,0,0,0,0,0,0,0,0,0,0
Scott Ward 4 Dist 2,,,Weinstein,0,0,0,0,0,0,0,0,0,0,0,0,0,0,0,0,0
Scott Ward 5 Dist 1,,,Weinstein,0,0,0,0,0,0,0,0,0,0,0,0,0,0,0,0,0
Scott Ward 5 Dist 2,,,Weinstein,0,0,0,0,0,0,0,0,0,0,0,0,0,0,0,0,0
Scott Ward 6 Dist 1,,,Weinstein,0,0,0,0,0,0,0,0,0,0,0,0,0,0,0,0,0
Scott Ward 6 Dist 2,,,Weinstein,0,0,0,0,0,0,0,0,0,0,0,0,0,0,0,0,0
Scott Ward 7 Dist 1,,,Weinstein,0,0,0,0,0,0,0,0,0,0,0,0,0,0,0,0,0
Scott Ward 7 Dist 2,,,Weinstein,0,0,0,0,0,0,0,0,0,0,0,0,0,0,0,0,0
Scott Ward 8 Dist 1,,,Weinstein,0,0,0,0,0,0,0,0,0,0,0,0,0,0,0,0,0
Scott Ward 8 Dist 2,,,Weinstein,0,0,0,0,0,0,0,0,0,0,0,0,0,0,0,0,0
Scott Ward 9 Dist 1,,,Weinstein,0,0,0,0,0,0,0,0,0,0,0,0,0,0,0,0,0
Scott Ward 9 Dist 2,,,Weinstein,0,0,0,0,0,0,0,0,0,0,0,0,0,0,0,0,0
Sewickley Ward 1,,,Weinstein,0,0,0,0,0,0,0,0,0,0,0,0,0,0,0,0,0
Sewickley Ward 2 Dist 1,,,Weinstein,0,0,0,0,0,0,0,0,0,0,0,0,0,0,0,0,0
Sewickley Ward 2 Dist 2,,,Weinstein,0,0,0,0,0,0,0,0,0,0,0,0,0,0,0,0,0
Sewickley Ward 3,,,Weinstein,0,0,0,0,0,0,0,0,0,0,0,0,0,0,0,0,0
Sewickley Hts,,,Weinstein,0,0,0,0,0,0,0,0,0,0,0,0,0,0,0,0,0
Sewickley Hills,,,Weinstein,0,0,0,0,0,0,0,0,0,0,0,0,0,0,0,0,0
Shaler Ward 1 Dist 1,,,Weinstein,0,0,0,0,0,0,0,0,0,0,0,0,0,0,0,0,0
Shaler Ward 1 Dist 2,,,Weinstein,0,0,0,0,0,0,0,0,0,0,0,0,0,0,0,0,0
Shaler Ward 1 Dist 3,,,Weinstein,0,0,0,0,0,0,0,0,0,0,0,0,0,0,0,0,0
Shaler Ward 1 Dist 4,,,Weinstein,0,0,0,0,0,0,0,0,0,0,0,0,0,0,0,0,0
Shaler Ward 1 Dist 5,,,Weinstein,0,0,0,0,0,0,0,0,0,0,0,0,0,0,0,0,0
Shaler Ward 2 Dist 1,,,Weinstein,0,0,0,0,0,0,0,0,0,0,0,0,0,0,0,0,0
Shaler Ward 2 Dist 2,,,Weinstein,0,0,0,0,0,0,0,0,0,0,0,0,0,0,0,0,0
Shaler Ward 2 Dist 3,,,Weinstein,0,0,0,0,0,0,0,0,0,0,0,0,0,0,0,0,0
Shaler Ward 2 Dist 4,,,Weinstein,0,0,0,0,0,0,0,0,0,0,0,0,0,0,0,0,0
Shaler Ward 2 Dist 5,,,Weinstein,0,0,0,0,0,0,0,0,0,0,0,0,0,0,0,0,0
Shaler Ward 3 Dist 1,,,Weinstein,0,0,0,0,0,0,0,0,0,0,0,0,0,0,0,0,0
Shaler Ward 3 Dist 2,,,Weinstein,0,0,0,0,0,0,0,0,0,0,0,0,0,0,0,0,0
Shaler Ward 3 Dist 3,,,Weinstein,0,0,0,0,0,0,0,0,0,0,0,0,0,0,0,0,0
Shaler Ward 3 Dist 4,,,Weinstein,0,0,0,0,0,0,0,0,0,0,0,0,0,0,0,0,0
Shaler Ward 3 Dist 5,,,Weinstein,0,0,0,0,0,0,0,0,0,0,0,0,0,0,0,0,0
Shaler Ward 4 Dist 1,,,Weinstein,0,0,0,0,0,0,0,0,0,0,0,0,0,0,0,0,0
Shaler Ward 4 Dist 2,,,Weinstein,0,0,0,0,0,0,0,0,0,0,0,0,0,0,0,0,0
Shaler Ward 4 Dist 3,,,Weinstein,0,0,0,0,0,0,0,0,0,0,0,0,0,0,0,0,0
Shaler Ward 4 Dist 4,,,Weinstein,0,0,0,0,0,0,0,0,0,0,0,0,0,0,0,0,0
Shaler Ward 4 Dist 5,,,Weinstein,0,0,0,0,0,0,0,0,0,0,0,0,0,0,0,0,0
Shaler Ward 5 Dist 1,,,Weinstein,0,0,0,0,0,0,0,0,0,0,0,0,0,0,0,0,0
Shaler Ward 5 Dist 2,,,Weinstein,0,0,0,0,0,0,0,0,0,0,0,0,0,0,0,0,0
Shaler Ward 5 Dist 3,,,Weinstein,0,0,0,0,0,0,0,0,0,0,0,0,0,0,0,0,0
Shaler Ward 5 Dist 4,,,Weinstein,0,0,0,0,0,0,0,0,0,0,0,0,0,0,0,0,0
Shaler Ward 5 Dist 5,,,Weinstein,0,0,0,0,0,0,0,0,0,0,0,0,0,0,0,0,0
Shaler Ward 6 Dist 1,,,Weinstein,0,0,0,0,0,0,0,0,0,0,0,0,0,0,0,0,0
Shaler Ward 6 Dist 2,,,Weinstein,0,0,0,0,0,0,0,0,0,0,0,0,0,0,0,0,0
Shaler Ward 6 Dist 3,,,Weinstein,0,0,0,0,0,0,0,0,0,0,0,0,0,0,0,0,0
Shaler Ward 6 Dist 4,,,Weinstein,0,0,0,0,0,0,0,0,0,0,0,0,0,0,0,0,0
Shaler Ward 6 Dist 5,,,Weinstein,0,0,0,0,0,0,0,0,0,0,0,0,0,0,0,0,0
Shaler Ward 7 Dist 1,,,Weinstein,0,0,0,0,0,0,0,0,0,0,0,0,0,0,0,0,0
Shaler Ward 7 Dist 2,,,Weinstein,0,0,0,0,0,0,0,0,0,0,0,0,0,0,0,0,0
Shaler Ward 7 Dist 3,,,Weinstein,0,0,0,0,0,0,0,0,0,0,0,0,0,0,0,0,0
Shaler Ward 7 Dist 4,,,Weinstein,0,0,0,0,0,0,0,0,0,0,0,0,0,0,0,0,0
Sharpsburg Dist 1,,,Weinstein,0,0,0,0,0,0,0,0,0,0,0,0,0,0,0,0,0
Sharpsburg Dist 2,,,Weinstein,0,0,0,0,0,0,0,0,0,0,0,0,0,0,0,0,0
Sharpsburg Dist 3,,,Weinstein,0,0,0,0,0,0,0,0,0,0,0,0,0,0,0,0,0
S Fayette Dist 1,,,Weinstein,0,0,0,0,0,0,0,0,0,0,0,0,0,0,0,0,0
S Fayette Dist 2,,,Weinstein,0,0,0,0,0,0,0,0,0,0,0,0,0,0,0,0,0
S Fayette Dist 3,,,Weinstein,0,0,0,0,0,0,0,0,0,0,0,0,0,0,0,0,0
S Fayette Dist 4,,,Weinstein,0,0,0,0,0,0,0,0,0,0,0,0,0,0,0,0,0
S Fayette Dist 5,,,Weinstein,0,0,0,0,0,0,0,0,0,0,0,0,0,0,0,0,0
S Fayette Dist 6,,,Weinstein,0,0,0,0,0,0,0,0,0,0,0,0,0,0,0,0,0
S Fayette Dist 7,,,Weinstein,0,0,0,0,0,0,0,0,0,0,0,0,0,0,0,0,0
S Fayette Dist 8,,,Weinstein,0,0,0,0,0,0,0,0,0,0,0,0,0,0,0,0,0
S Fayette Dist 9,,,Weinstein,0,0,0,0,0,0,0,0,0,0,0,0,0,0,0,0,0
S Fayette Dist 10,,,Weinstein,0,0,0,0,0,0,0,0,0,0,0,0,0,0,0,0,0
S Fayette Dist 11,,,Weinstein,0,0,0,0,0,0,0,0,0,0,0,0,0,0,0,0,0
S Fayette Dist 12,,,Weinstein,0,0,0,0,0,0,0,0,0,0,0,0,0,0,0,0,0
South Park Dist 1,,,Weinstein,0,0,0,0,0,0,0,0,0,0,0,0,0,0,0,0,0
South Park Dist 2,,,Weinstein,0,0,0,0,0,0,0,0,0,0,0,0,0,0,0,0,0
South Park Dist 3,,,Weinstein,0,0,0,0,0,0,0,0,0,0,0,0,0,0,0,0,0
South Park Dist 4,,,Weinstein,0,0,0,0,0,0,0,0,0,0,0,0,0,0,0,0,0
South Park Dist 5,,,Weinstein,0,0,0,0,0,0,0,0,0,0,0,0,0,0,0,0,0
South Park Dist 6,,,Weinstein,0,0,0,0,0,0,0,0,0,0,0,0,0,0,0,0,0
South Park Dist 7,,,Weinstein,0,0,0,0,0,0,0,0,0,0,0,0,0,0,0,0,0
South Park Dist 8,,,Weinstein,0,0,0,0,0,0,0,0,0,0,0,0,0,0,0,0,0
South Park Dist 9,,,Weinstein,0,0,0,0,0,0,0,0,0,0,0,0,0,0,0,0,0
South Park Dist 10,,,Weinstein,0,0,0,0,0,0,0,0,0,0,0,0,0,0,0,0,0
South Park Dist 11,,,Weinstein,0,0,0,0,0,0,0,0,0,0,0,0,0,0,0,0,0
South Park Dist 12,,,Weinstein,0,0,0,0,0,0,0,0,0,0,0,0,0,0,0,0,0
South Park Dist 13,,,Weinstein,0,0,0,0,0,0,0,0,0,0,0,0,0,0,0,0,0
S Versailles,,,Weinstein,0,0,0,0,0,0,0,0,0,0,0,0,0,0,0,0,0
Springdale Br Dist 1,,,Weinstein,0,0,0,0,0,0,0,0,0,0,0,0,0,0,0,0,0
Springdale Br Dist 2,,,Weinstein,0,0,0,0,0,0,0,0,0,0,0,0,0,0,0,0,0
Springdale Br Dist 3,,,Weinstein,0,0,0,0,0,0,0,0,0,0,0,0,0,0,0,0,0
Springdale Br Dist 4,,,Weinstein,0,0,0,0,0,0,0,0,0,0,0,0,0,0,0,0,0
Springdale Twp,,,Weinstein,0,0,0,0,0,0,0,0,0,0,0,0,0,0,0,0,0
Stowe Ward 1,,,Weinstein,0,0,0,0,0,0,0,0,0,0,0,0,0,0,0,0,0
Stowe Ward 2 Dist 1,,,Weinstein,0,0,0,0,0,0,0,0,0,0,0,0,0,0,0,0,0
Stowe Ward 2 Dist 2,,,Weinstein,0,0,0,0,0,0,0,0,0,0,0,0,0,0,0,0,0
Stowe Ward 3,,,Weinstein,0,0,0,0,0,0,0,0,0,0,0,0,0,0,0,0,0
Stowe Ward 4 Dist 1,,,Weinstein,0,0,0,0,0,0,0,0,0,0,0,0,0,0,0,0,0
Stowe Ward 4 Dist 2,,,Weinstein,0,0,0,0,0,0,0,0,0,0,0,0,0,0,0,0,0
Stowe Ward 5,,,Weinstein,0,0,0,0,0,0,0,0,0,0,0,0,0,0,0,0,0
Stowe Ward 6,,,Weinstein,0,0,0,0,0,0,0,0,0,0,0,0,0,0,0,0,0
Stowe Ward 7,,,Weinstein,0,0,0,0,0,0,0,0,0,0,0,0,0,0,0,0,0
Stowe Ward 8,,,Weinstein,0,0,0,0,0,0,0,0,0,0,0,0,0,0,0,0,0
Stowe Ward 9,,,Weinstein,0,0,0,0,0,0,0,0,0,0,0,0,0,0,0,0,0
Swissvale Dist 1,,,Weinstein,0,0,0,0,0,0,0,0,0,0,0,0,0,0,0,0,0
Swissvale Dist 2,,,Weinstein,0,0,0,0,0,0,0,0,0,0,0,0,0,0,0,0,0
Swissvale Dist 3,,,Weinstein,0,0,0,0,0,0,0,0,0,0,0,0,0,0,0,0,0
Swissvale Dist 4,,,Weinstein,0,0,0,0,0,0,0,0,0,0,0,0,0,0,0,0,0
Swissvale Dist 5,,,Weinstein,0,0,0,0,0,0,0,0,0,0,0,0,0,0,0,0,0
Swissvale Dist 6,,,Weinstein,0,0,0,0,0,0,0,0,0,0,0,0,0,0,0,0,0
Swissvale Dist 7,,,Weinstein,0,0,0,0,0,0,0,0,0,0,0,0,0,0,0,0,0
Swissvale Dist 8,,,Weinstein,0,0,0,0,0,0,0,0,0,0,0,0,0,0,0,0,0
Swissvale Dist 9,,,Weinstein,0,0,0,0,0,0,0,0,0,0,0,0,0,0,0,0,0
Swissvale Dist 10,,,Weinstein,0,0,0,0,0,0,0,0,0,0,0,0,0,0,0,0,0
Swissvale Dist 11,,,Weinstein,0,0,0,0,0,0,0,0,0,0,0,0,0,0,0,0,0
Tarentum Ward 1 Dist 1,,,Weinstein,0,0,0,0,0,0,0,0,0,0,0,0,0,0,0,0,0
Tarentum Ward 1 Dist 2,,,Weinstein,0,0,0,0,0,0,0,0,0,0,0,0,0,0,0,0,0
Tarentum Ward 2,,,Weinstein,0,0,0,0,0,0,0,0,0,0,0,0,0,0,0,0,0
Tarentum Ward 3 Dist 1,,,Weinstein,0,0,0,0,0,0,0,0,0,0,0,0,0,0,0,0,0
Tarentum Ward 3 Dist 2,,,Weinstein,0,0,0,0,0,0,0,0,0,0,0,0,0,0,0,0,0
Thornburg,,,Weinstein,0,0,0,0,0,0,0,0,0,0,0,0,0,0,0,0,0
Pennsbury Vill,,,Weinstein,0,0,0,0,0,0,0,0,0,0,0,0,0,0,0,0,0
Trafford,,,Weinstein,0,0,0,0,0,0,0,0,0,0,0,0,0,0,0,0,0
Turtle Creek Ward 1 Dist 1,,,Weinstein,0,0,0,0,0,0,0,0,0,0,0,0,0,0,0,0,0
Turtle Creek Ward 1 Dist 2,,,Weinstein,0,0,0,0,0,0,0,0,0,0,0,0,0,0,0,0,0
Turtle Creek Ward 2 Dist 1,,,Weinstein,0,0,0,0,0,0,0,0,0,0,0,0,0,0,0,0,0
Turtle Creek Ward 2 Dist 2,,,Weinstein,0,0,0,0,0,0,0,0,0,0,0,0,0,0,0,0,0
Turtle Creek Ward 3 Dist 1,,,Weinstein,0,0,0,0,0,0,0,0,0,0,0,0,0,0,0,0,0
Turtle Creek Ward 3 Dist 2,,,Weinstein,0,0,0,0,0,0,0,0,0,0,0,0,0,0,0,0,0
Up St Clair Ward 1 Dist 1,,,Weinstein,0,0,0,0,0,0,0,0,0,0,0,0,0,0,0,0,0
Up St Clair Ward 1 Dist 2,,,Weinstein,0,0,0,0,0,0,0,0,0,0,0,0,0,0,0,0,0
Up St Clair Ward 1 Dist 3,,,Weinstein,0,0,0,0,0,0,0,0,0,0,0,0,0,0,0,0,0
Up St Clair Ward 1 Dist 4,,,Weinstein,0,0,0,0,0,0,0,0,0,0,0,0,0,0,0,0,0
Up St Clair Ward 2 Dist 1,,,Weinstein,0,0,0,0,0,0,0,0,0,0,0,0,0,0,0,0,0
Up St Clair Ward 2 Dist 2,,,Weinstein,0,0,0,0,0,0,0,0,0,0,0,0,0,0,0,0,0
Up St Clair Ward 2 Dist 3,,,Weinstein,0,0,0,0,0,0,0,0,0,0,0,0,0,0,0,0,0
Up St Clair Ward 2 Dist 4,,,Weinstein,0,0,0,0,0,0,0,0,0,0,0,0,0,0,0,0,0
Up St Clair Ward 3 Dist 1,,,Weinstein,0,0,0,0,0,0,0,0,0,0,0,0,0,0,0,0,0
Up St Clair Ward 3 Dist 2,,,Weinstein,0,0,0,0,0,0,0,0,0,0,0,0,0,0,0,0,0
Up St Clair Ward 3 Dist 3,,,Weinstein,0,0,0,0,0,0,0,0,0,0,0,0,0,0,0,0,0
Up St Clair Ward 4 Dist 1,,,Weinstein,0,0,0,0,0,0,0,0,0,0,0,0,0,0,0,0,0
Up St Clair Ward 4 Dist 2,,,Weinstein,0,0,0,0,0,0,0,0,0,0,0,0,0,0,0,0,0
Up St Clair Ward 4 Dist 3,,,Weinstein,0,0,0,0,0,0,0,0,0,0,0,0,0,0,0,0,0
Up St Clair Ward 4 Dist 4,,,Weinstein,0,0,0,0,0,0,0,0,0,0,0,0,0,0,0,0,0
Up St Clair Ward 5 Dist 1,,,Weinstein,0,0,0,0,0,0,0,0,0,0,0,0,0,0,0,0,0
Up St Clair Ward 5 Dist 2,,,Weinstein,0,0,0,0,0,0,0,0,0,0,0,0,0,0,0,0,0
Up St Clair Ward 5 Dist 3,,,Weinstein,0,0,0,0,0,0,0,0,0,0,0,0,0,0,0,0,0
Verona Dist 1,,,Weinstein,0,0,0,0,0,0,0,0,0,0,0,0,0,0,0,0,0
Verona Dist 2,,,Weinstein,0,0,0,0,0,0,0,0,0,0,0,0,0,0,0,0,0
Verona Dist 3,,,Weinstein,0,0,0,0,0,0,0,0,0,0,0,0,0,0,0,0,0
Versailles Dist 1,,,Weinstein,0,0,0,0,0,0,0,0,0,0,0,0,0,0,0,0,0
Versailles Dist 2,,,Weinstein,0,0,0,0,0,0,0,0,0,0,0,0,0,0,0,0,0
Wall,,,Weinstein,0,0,0,0,0,0,0,0,0,0,0,0,0,0,0,0,0
West Deer Dist 1,,,Weinstein,0,0,0,0,0,0,0,0,0,0,0,0,0,0,0,0,0
West Deer Dist 2,,,Weinstein,0,0,0,0,0,0,0,0,0,0,0,0,0,0,0,0,0
West Deer Dist 3,,,Weinstein,0,0,0,0,0,0,0,0,0,0,0,0,0,0,0,0,0
West Deer Dist 4,,,Weinstein,0,0,0,0,0,0,0,0,0,0,0,0,0,0,0,0,0
West Deer Dist 5,,,Weinstein,0,0,0,0,0,0,0,0,0,0,0,0,0,0,0,0,0
West Deer Dist 6,,,Weinstein,0,0,0,0,0,0,0,0,0,0,0,0,0,0,0,0,0
West Deer Dist 7,,,Weinstein,0,0,0,0,0,0,0,0,0,0,0,0,0,0,0,0,0
West Deer Dist 8,,,Weinstein,0,0,0,0,0,0,0,0,0,0,0,0,0,0,0,0,0
W Elizabeth,,,Weinstein,0,0,0,0,0,0,0,0,0,0,0,0,0,0,0,0,0
W Homestead Dist 1,,,Weinstein,0,0,0,0,0,0,0,0,0,0,0,0,0,0,0,0,0
W Homestead Dist 2,,,Weinstein,0,0,0,0,0,0,0,0,0,0,0,0,0,0,0,0,0
W Homestead Dist 3,,,Weinstein,0,0,0,0,0,0,0,0,0,0,0,0,0,0,0,0,0
West Mifflin Dist 1,,,Weinstein,0,0,0,0,0,0,0,0,0,0,0,0,0,0,0,0,0
West Mifflin Dist 2,,,Weinstein,0,0,0,0,0,0,0,0,0,0,0,0,0,0,0,0,0
West Mifflin Dist 3,,,Weinstein,0,0,0,0,0,0,0,0,0,0,0,0,0,0,0,0,0
West Mifflin Dist 4,,,Weinstein,0,0,0,0,0,0,0,0,0,0,0,0,0,0,0,0,0
West Mifflin Dist 5,,,Weinstein,0,0,0,0,0,0,0,0,0,0,0,0,0,0,0,0,0
West Mifflin Dist 6,,,Weinstein,0,0,0,0,0,0,0,0,0,0,0,0,0,0,0,0,0
West Mifflin Dist 7,,,Weinstein,0,0,0,0,0,0,0,0,0,0,0,0,0,0,0,0,0
West Mifflin Dist 8,,,Weinstein,0,0,0,0,0,0,0,0,0,0,0,0,0,0,0,0,0
West Mifflin Dist 9,,,Weinstein,0,0,0,0,0,0,0,0,0,0,0,0,0,0,0,0,0
West Mifflin Dist 10,,,Weinstein,0,0,0,0,0,0,0,0,0,0,0,0,0,0,0,0,0
West Mifflin Dist 11,,,Weinstein,0,0,0,0,0,0,0,0,0,0,0,0,0,0,0,0,0
West Mifflin Dist 12,,,Weinstein,0,0,0,0,0,0,0,0,0,0,0,0,0,0,0,0,0
West Mifflin Dist 13,,,Weinstein,0,0,0,0,0,0,0,0,0,0,0,0,0,0,0,0,0
West Mifflin Dist 14,,,Weinstein,0,0,0,0,0,0,0,0,0,0,0,0,0,0,0,0,0
West Mifflin Dist 15,,,Weinstein,0,0,0,0,0,0,0,0,0,0,0,0,0,0,0,0,0
West Mifflin Dist 16,,,Weinstein,0,0,0,0,0,0,0,0,0,0,0,0,0,0,0,0,0
West Mifflin Dist 17,,,Weinstein,0,0,0,0,0,0,0,0,0,0,0,0,0,0,0,0,0
West Mifflin Dist 18,,,Weinstein,0,0,0,0,0,0,0,0,0,0,0,0,0,0,0,0,0
West Mifflin Dist 19,,,Weinstein,0,0,0,0,0,0,0,0,0,0,0,0,0,0,0,0,0
West Mifflin Dist 20,,,Weinstein,0,0,0,0,0,0,0,0,0,0,0,0,0,0,0,0,0
West Mifflin Dist 21,,,Weinstein,0,0,0,0,0,0,0,0,0,0,0,0,0,0,0,0,0
West View Dist 1,,,Weinstein,0,0,0,0,0,0,0,0,0,0,0,0,0,0,0,0,0
West View Dist 2,,,Weinstein,0,0,0,0,0,0,0,0,0,0,0,0,0,0,0,0,0
West View Dist 3,,,Weinstein,0,0,0,0,0,0,0,0,0,0,0,0,0,0,0,0,0
West View Dist 4,,,Weinstein,0,0,0,0,0,0,0,0,0,0,0,0,0,0,0,0,0
West View Dist 5,,,Weinstein,0,0,0,0,0,0,0,0,0,0,0,0,0,0,0,0,0
West View Dist 6,,,Weinstein,0,0,0,0,0,0,0,0,0,0,0,0,0,0,0,0,0
West View Dist 7,,,Weinstein,0,0,0,0,0,0,0,0,0,0,0,0,0,0,0,0,0
Whitaker Dist 1,,,Weinstein,0,0,0,0,0,0,0,0,0,0,0,0,0,0,0,0,0
Whitaker Dist 2,,,Weinstein,0,0,0,0,0,0,0,0,0,0,0,0,0,0,0,0,0
Whitehall Dist 1,,,Weinstein,0,0,0,0,0,0,0,0,0,0,0,0,0,0,0,0,0
Whitehall Dist 2,,,Weinstein,0,0,0,0,0,0,0,0,0,0,0,0,0,0,0,0,0
Whitehall Dist 3,,,Weinstein,0,0,0,0,0,0,0,0,0,0,0,0,0,0,0,0,0
Whitehall Dist 4,,,Weinstein,0,0,0,0,0,0,0,0,0,0,0,0,0,0,0,0,0
Whitehall Dist 5,,,Weinstein,0,0,0,0,0,0,0,0,0,0,0,0,0,0,0,0,0
Whitehall Dist 6,,,Weinstein,0,0,0,0,0,0,0,0,0,0,0,0,0,0,0,0,0
Whitehall Dist 7,,,Weinstein,0,0,0,0,0,0,0,0,0,0,0,0,0,0,0,0,0
Whitehall Dist 8,,,Weinstein,0,0,0,0,0,0,0,0,0,0,0,0,0,0,0,0,0
Whitehall Dist 9,,,Weinstein,0,0,0,0,0,0,0,0,0,0,0,0,0,0,0,0,0
Whitehall Dist 10,,,Weinstein,0,0,0,0,0,0,0,0,0,0,0,0,0,0,0,0,0
Whitehall Dist 11,,,Weinstein,0,0,0,0,0,0,0,0,0,0,0,0,0,0,0,0,0
Whitehall Dist 12,,,Weinstein,0,0,0,0,0,0,0,0,0,0,0,0,0,0,0,0,0
Whitehall Dist 13,,,Weinstein,0,0,0,0,0,0,0,0,0,0,0,0,0,0,0,0,0
Whitehall Dist 14,,,Weinstein,0,0,0,0,0,0,0,0,0,0,0,0,0,0,0,0,0
Whitehall Dist 15,,,Weinstein,0,0,0,0,0,0,0,0,0,0,0,0,0,0,0,0,0
Whitehall Dist 16,,,Weinstein,0,0,0,0,0,0,0,0,0,0,0,0,0,0,0,0,0
White Oak Dist 1,,,Weinstein,0,0,0,0,0,0,0,0,0,0,0,0,0,0,0,0,0
White Oak Dist 2,,,Weinstein,0,0,0,0,0,0,0,0,0,0,0,0,0,0,0,0,0
White Oak Dist 3,,,Weinstein,0,0,0,0,0,0,0,0,0,0,0,0,0,0,0,0,0
White Oak Dist 4,,,Weinstein,0,0,0,0,0,0,0,0,0,0,0,0,0,0,0,0,0
White Oak Dist 5,,,Weinstein,0,0,0,0,0,0,0,0,0,0,0,0,0,0,0,0,0
White Oak Dist 6,,,Weinstein,0,0,0,0,0,0,0,0,0,0,0,0,0,0,0,0,0
White Oak Dist 7,,,Weinstein,0,0,0,0,0,0,0,0,0,0,0,0,0,0,0,0,0
Wilkins Ward 1 Dist 1,,,Weinstein,0,0,0,0,0,0,0,0,0,0,0,0,0,0,0,0,0
Wilkins Ward 1 Dist 2,,,Weinstein,0,0,0,0,0,0,0,0,0,0,0,0,0,0,0,0,0
Wilkins Ward 1 Dist 3,,,Weinstein,0,0,0,0,0,0,0,0,0,0,0,0,0,0,0,0,0
Wilkins Ward 1 Dist 4,,,Weinstein,0,0,0,0,0,0,0,0,0,0,0,0,0,0,0,0,0
Wilkins Ward 1 Dist 5,,,Weinstein,0,0,0,0,0,0,0,0,0,0,0,0,0,0,0,0,0
Wilkins Ward 2 Dist 1,,,Weinstein,0,0,0,0,0,0,0,0,0,0,0,0,0,0,0,0,0
Wilkins Ward 2 Dist 2,,,Weinstein,0,0,0,0,0,0,0,0,0,0,0,0,0,0,0,0,0
Wilkinsburg Ward 1 Dist 1,,,Weinstein,0,0,0,0,0,0,0,0,0,0,0,0,0,0,0,0,0
Wilkinsburg Ward 1 Dist 2,,,Weinstein,0,0,0,0,0,0,0,0,0,0,0,0,0,0,0,0,0
Wilkinsburg Ward 1 Dist 3,,,Weinstein,0,0,0,0,0,0,0,0,0,0,0,0,0,0,0,0,0
Wilkinsburg Ward 1 Dist 4,,,Weinstein,0,0,0,0,0,0,0,0,0,0,0,0,0,0,0,0,0
Wilkinsburg Ward 1 Dist 5,,,Weinstein,0,0,0,0,0,0,0,0,0,0,0,0,0,0,0,0,0
Wilkinsburg Ward 1 Dist 6,,,Weinstein,0,0,0,0,0,0,0,0,0,0,0,0,0,0,0,0,0
Wilkinsburg Ward 2 Dist 1,,,Weinstein,0,0,0,0,0,0,0,0,0,0,0,0,0,0,0,0,0
Wilkinsburg Ward 2 Dist 2,,,Weinstein,0,0,0,0,0,0,0,0,0,0,0,0,0,0,0,0,0
Wilkinsburg Ward 2 Dist 3,,,Weinstein,0,0,0,0,0,0,0,0,0,0,0,0,0,0,0,0,0
Wilkinsburg Ward 2 Dist 4,,,Weinstein,0,0,0,0,0,0,0,0,0,0,0,0,0,0,0,0,0
Wilkinsburg Ward 2 Dist 5,,,Weinstein,0,0,0,0,0,0,0,0,0,0,0,0,0,0,0,0,0
Wilkinsburg Ward 3 Dist 1,,,Weinstein,0,0,0,0,0,0,0,0,0,0,0,0,0,0,0,0,0
Wilkinsburg Ward 3 Dist 2,,,Weinstein,0,0,0,0,0,0,0,0,0,0,0,0,0,0,0,0,0
Wilkinsburg Ward 3 Dist 3,,,Weinstein,0,0,0,0,0,0,0,0,0,0,0,0,0,0,0,0,0
Wilkinsburg Ward 3 Dist 4,,,Weinstein,0,0,0,0,0,0,0,0,0,0,0,0,0,0,0,0,0
Wilkinsburg Ward 3 Dist 5,,,Weinstein,0,0,0,0,0,0,0,0,0,0,0,0,0,0,0,0,0
Wilkinsburg Ward 3 Dist 6,,,Weinstein,0,0,0,0,0,0,0,0,0,0,0,0,0,0,0,0,0
Wilmerding Dist 1,,,Weinstein,0,0,0,0,0,0,0,0,0,0,0,0,0,0,0,0,0
Wilmerding Dist 2,,,Weinstein,0,0,0,0,0,0,0,0,0,0,0,0,0,0,0,0,0